ts,phase,car,config,mode,rep,mph,steer1,steer2,brake,runID,dist_m,dist_ft,avg_g,duration_s,actual_start_mph,arc_m,arc_g,steer_input,wheel_angle_deg,understeer_deg,yaw_deg,acs,dmg,codekey,tele_files,wall_s,status
19:59:50,corner,DynamicABS,DynamicABS1.pc,single,1,60,-0.05,0.0,0.75,1788663603-0001,32.9994,108.27,1.1097,2.36,60.0,33.05,1.108,0.05,1.5,0.6,11.8,100.0,0,ba2f3327-f04f27a6-108632,1,18.7,OK
20:00:09,corner,DynamicABS,DynamicABS1.pc,single,1,60,-0.1,0.0,0.75,1788663622-0002,35.3198,115.88,1.0368,2.51,60.0,35.76,1.024,0.10,3.0,0.7,29.8,100.0,0,ba2f3327-f04f27a6-108632,1,18.7,OK
20:00:27,corner,DynamicABS,DynamicABS1.pc,single,1,60,-0.15,0.0,0.75,1788663641-0003,38.3876,125.94,0.9539,2.69,60.0,39.49,0.927,0.15,4.5,1.3,45.2,98.0,0,ba2f3327-f04f27a6-108632,1,19.2,OK
20:00:47,corner,DynamicABS,DynamicABS1.pc,single,1,60,-0.2,0.0,0.75,1788663659-0004,42.5231,139.51,0.8611,2.99,60.0,44.88,0.816,0.20,6.1,1.9,62.8,93.6,0,ba2f3327-f04f27a6-108632,1,18.7,OK
20:01:05,corner,DynamicABS,DynamicABS1.pc,single,1,60,-0.25,0.0,0.75,1788663678-0005,46.6656,153.10,0.7847,3.36,60.0,50.81,0.721,0.25,7.8,3.0,79.3,89.7,0,ba2f3327-f04f27a6-108632,1,18.6,OK
20:01:24,corner,DynamicABS,DynamicABS1.pc,single,1,60,-0.5,0.0,0.75,1788663696-0006,49.3920,162.05,0.7414,3.80,60.0,57.41,0.638,0.50,16.2,9.3,112.7,87.5,0,ba2f3327-f04f27a6-108632,1,19.1,OK
20:01:43,corner,DynamicABS,DynamicABS1.pc,single,1,60,-0.75,0.0,0.75,1788663716-0007,49.2835,161.69,0.7430,3.72,60.0,56.42,0.649,0.75,25.2,17.8,110.5,87.5,0,ba2f3327-f04f27a6-108632,1,19.1,OK
20:02:02,corner,DynamicABS,DynamicABS1.pc,single,1,60,-1.0,0.0,0.75,1788663735-0008,47.6013,156.17,0.7693,3.53,60.0,52.99,0.691,1.00,35.3,27.8,99.8,88.9,0,ba2f3327-f04f27a6-108632,1,18.4,OK
20:02:20,corner,DynamicABS,DynamicABS1.pc,single,1,60,-0.05,0.0,0.8,1788663753-0009,32.6747,107.20,1.1207,2.32,60.0,32.70,1.120,0.05,1.6,0.6,10.6,100.0,0,ba2f3327-f04f27a6-108632,1,18.6,OK
20:02:39,corner,DynamicABS,DynamicABS1.pc,single,1,60,-0.1,0.0,0.8,1788663772-0010,34.3131,112.58,1.0672,2.43,60.0,34.67,1.056,0.10,3.0,0.9,27.4,100.0,0,ba2f3327-f04f27a6-108632,1,18.5,OK
20:02:58,corner,DynamicABS,DynamicABS1.pc,single,1,60,-0.15,0.0,0.8,1788663790-0011,36.6668,120.30,0.9987,2.59,60.0,37.55,0.975,0.15,4.6,1.4,41.5,100.0,0,ba2f3327-f04f27a6-108632,1,18.2,OK
20:03:16,corner,DynamicABS,DynamicABS1.pc,single,1,60,-0.2,0.0,0.8,1788663808-0012,41.4716,136.06,0.8830,2.90,60.0,43.54,0.841,0.20,6.1,2.1,59.8,94.6,0,ba2f3327-f04f27a6-108632,1,17.7,OK
20:03:34,corner,DynamicABS,DynamicABS1.pc,single,1,60,-0.25,0.0,0.8,1788663826-0013,42.6466,139.92,0.8586,3.04,60.0,45.60,0.803,0.25,7.7,3.0,71.0,93.4,0,ba2f3327-f04f27a6-108632,1,17.9,OK
20:03:51,corner,DynamicABS,DynamicABS1.pc,single,1,60,-0.5,0.0,0.8,1788663844-0014,48.6438,159.59,0.7528,3.66,60.0,55.62,0.658,0.50,16.2,9.5,106.2,88.1,0,ba2f3327-f04f27a6-108632,1,18.6,OK
20:04:10,corner,DynamicABS,DynamicABS1.pc,single,1,60,-0.75,0.0,0.8,1788663863-0015,48.4960,159.11,0.7551,3.63,60.0,55.05,0.665,0.75,25.2,17.9,106.4,88.2,0,ba2f3327-f04f27a6-108632,1,17.6,OK
20:04:28,corner,DynamicABS,DynamicABS1.pc,single,1,60,-1.0,0.0,0.8,1788663881-0016,47.0597,154.40,0.7781,3.47,60.0,52.14,0.702,1.00,35.2,27.9,97.2,89.4,0,ba2f3327-f04f27a6-108632,1,17.9,OK
20:04:46,corner,DynamicABS,DynamicABS1.pc,single,1,60,-0.05,0.0,0.85,1788663898-0017,32.7036,107.30,1.1197,2.32,60.0,32.73,1.119,0.05,1.5,0.7,10.3,100.0,0,ba2f3327-f04f27a6-108632,1,16.8,OK
20:05:03,corner,DynamicABS,DynamicABS1.pc,single,1,60,-0.1,0.0,0.85,1788663915-0018,33.4532,109.75,1.0946,2.38,60.0,33.76,1.085,0.10,3.0,0.9,25.7,100.0,0,ba2f3327-f04f27a6-108632,1,17.1,OK
20:05:20,corner,DynamicABS,DynamicABS1.pc,single,1,60,-0.15,0.0,0.85,1788663932-0019,36.4616,119.62,1.0043,2.56,60.0,37.36,0.980,0.15,4.6,1.4,41.7,100.0,0,ba2f3327-f04f27a6-108632,1,17.8,OK
20:05:38,corner,DynamicABS,DynamicABS1.pc,single,1,60,-0.2,0.0,0.85,1788663950-0020,40.5163,132.93,0.9038,2.83,60.0,42.39,0.864,0.20,6.1,2.1,57.6,95.6,0,ba2f3327-f04f27a6-108632,1,17.7,OK
20:05:55,corner,DynamicABS,DynamicABS1.pc,single,1,60,-0.25,0.0,0.85,1788663968-0021,42.8794,140.68,0.8540,3.03,60.0,45.73,0.801,0.25,7.8,3.1,69.2,93.2,0,ba2f3327-f04f27a6-108632,1,17.5,OK
20:06:13,corner,DynamicABS,DynamicABS1.pc,single,1,60,-0.5,0.0,0.85,1788663985-0022,45.7307,150.04,0.8007,3.32,60.0,50.44,0.726,0.50,16.2,9.9,91.2,90.5,0,ba2f3327-f04f27a6-108632,1,17.4,OK
20:06:30,corner,DynamicABS,DynamicABS1.pc,single,1,60,-0.75,0.0,0.85,1788664003-0023,48.1017,157.81,0.7613,3.59,60.0,54.44,0.673,0.75,25.2,17.9,105.3,88.5,0,ba2f3327-f04f27a6-108632,1,17.4,OK
20:06:48,corner,DynamicABS,DynamicABS1.pc,single,1,60,-1.0,0.0,0.85,1788664020-0024,46.4941,152.54,0.7876,3.44,60.0,51.43,0.712,1.00,35.2,27.7,96.8,89.9,0,ba2f3327-f04f27a6-108632,1,17.3,OK
20:07:05,corner,DynamicABS,DynamicABS1.pc,single,1,60,-0.05,0.0,0.9,1788664037-0025,32.7247,107.36,1.1190,2.31,60.0,32.75,1.118,0.05,1.6,0.6,10.7,100.0,0,ba2f3327-f04f27a6-108632,1,17.6,OK
20:07:23,corner,DynamicABS,DynamicABS1.pc,single,1,60,-0.1,0.0,0.9,1788664055-0026,32.5513,106.80,1.1249,2.32,60.0,32.78,1.117,0.10,3.0,1.1,22.9,100.0,0,ba2f3327-f04f27a6-108632,1,16.9,OK
20:07:40,corner,DynamicABS,DynamicABS1.pc,single,1,60,-0.15,0.0,0.9,1788664072-0027,35.7514,117.29,1.0242,2.52,60.0,36.59,1.001,0.15,4.6,1.4,41.1,100.0,0,ba2f3327-f04f27a6-108632,1,17.7,OK
20:07:57,corner,DynamicABS,DynamicABS1.pc,single,1,60,-0.2,0.0,0.9,1788664090-0028,39.4987,129.59,0.9271,2.76,60.0,41.18,0.889,0.20,6.1,2.2,55.3,96.7,0,ba2f3327-f04f27a6-108632,1,17.9,OK
20:08:15,corner,DynamicABS,DynamicABS1.pc,single,1,60,-0.25,0.0,0.9,1788664108-0029,41.0919,134.82,0.8911,2.92,60.0,43.50,0.842,0.25,7.8,3.2,65.1,95.0,0,ba2f3327-f04f27a6-108632,1,17.9,OK
20:08:33,corner,DynamicABS,DynamicABS1.pc,single,1,60,-0.5,0.0,0.9,1788664126-0030,48.1933,158.11,0.7598,3.59,60.0,54.70,0.669,0.50,16.2,9.6,103.3,88.4,0,ba2f3327-f04f27a6-108632,1,17.5,OK
20:08:51,corner,DynamicABS,DynamicABS1.pc,single,1,60,-0.75,0.0,0.9,1788664143-0031,47.8646,157.04,0.7650,3.56,60.0,53.99,0.678,0.75,25.2,17.9,103.9,88.7,0,ba2f3327-f04f27a6-108632,1,18.3,OK
20:09:09,corner,DynamicABS,DynamicABS1.pc,single,1,60,-1.0,0.0,0.9,1788664162-0032,46.4071,152.25,0.7891,3.42,60.0,51.26,0.714,1.00,35.2,27.8,96.0,89.9,0,ba2f3327-f04f27a6-108632,1,17.4,OK
20:09:27,corner,DynamicABS,DynamicABS1.pc,single,1,60,-0.05,0.0,0.95,1788664179-0033,32.7981,107.61,1.1165,2.30,60.0,32.81,1.116,0.05,1.6,0.6,9.9,100.0,0,ba2f3327-f04f27a6-108632,1,17.7,OK
20:09:44,corner,DynamicABS,DynamicABS1.pc,single,1,60,-0.1,0.0,0.95,1788664197-0034,32.6802,107.22,1.1205,2.32,60.0,32.96,1.111,0.10,3.0,0.9,25.3,100.0,0,ba2f3327-f04f27a6-108632,1,17.1,OK
20:10:02,corner,DynamicABS,DynamicABS1.pc,single,1,60,-0.15,0.0,0.95,1788664214-0035,35.1522,115.33,1.0417,2.47,60.0,35.84,1.022,0.15,4.6,1.5,38.0,100.0,0,ba2f3327-f04f27a6-108632,1,18.0,OK
20:10:20,corner,DynamicABS,DynamicABS1.pc,single,1,60,-0.2,0.0,0.95,1788664232-0036,37.5624,123.24,0.9749,2.66,60.0,38.99,0.939,0.20,6.2,2.2,52.5,98.9,0,ba2f3327-f04f27a6-108632,1,18.0,OK
20:10:38,corner,DynamicABS,DynamicABS1.pc,single,1,60,-0.25,0.0,0.95,1788664250-0037,41.8779,137.39,0.8744,2.94,60.0,44.36,0.825,0.25,7.8,3.2,65.8,94.2,0,ba2f3327-f04f27a6-108632,1,17.8,OK
20:10:55,corner,DynamicABS,DynamicABS1.pc,single,1,60,-0.5,0.0,0.95,1788664268-0038,47.5642,156.05,0.7699,3.53,60.0,53.71,0.682,0.50,16.2,9.5,101.4,89.0,0,ba2f3327-f04f27a6-108632,1,18.3,OK
20:11:14,corner,DynamicABS,DynamicABS1.pc,single,1,60,-0.75,0.0,0.95,1788664286-0039,47.7194,156.56,0.7674,3.55,60.0,53.81,0.680,0.75,25.2,17.8,104.0,88.8,0,ba2f3327-f04f27a6-108632,1,17.3,OK
20:11:31,corner,DynamicABS,DynamicABS1.pc,single,1,60,-1.0,0.0,0.95,1788664303-0040,46.0074,150.94,0.7959,3.39,60.0,50.76,0.721,1.00,35.2,27.8,95.4,90.3,0,ba2f3327-f04f27a6-108632,1,17.4,OK
20:11:49,corner,DynamicABS,DynamicABS1.pc,single,1,60,-0.05,0.0,1.0,1788664321-0041,32.8158,107.66,1.1159,2.30,60.0,32.83,1.115,0.05,1.6,0.7,9.6,100.0,0,ba2f3327-f04f27a6-108632,1,16.8,OK
20:12:05,corner,DynamicABS,DynamicABS1.pc,single,1,60,-0.1,0.0,1.0,1788664338-0042,32.3750,106.22,1.1311,2.30,60.0,32.64,1.122,0.10,3.0,0.8,25.0,100.0,0,ba2f3327-f04f27a6-108632,1,17.8,OK
20:12:23,corner,DynamicABS,DynamicABS1.pc,single,1,60,-0.15,0.0,1.0,1788664356-0043,33.9695,111.45,1.0780,2.40,60.0,34.51,1.061,0.15,4.6,1.6,34.8,100.0,0,ba2f3327-f04f27a6-108632,1,17.7,OK
20:12:41,corner,DynamicABS,DynamicABS1.pc,single,1,60,-0.2,0.0,1.0,1788664373-0044,38.0933,124.98,0.9613,2.67,60.0,39.53,0.926,0.20,6.1,2.2,52.4,98.3,0,ba2f3327-f04f27a6-108632,1,17.8,OK
20:12:59,corner,DynamicABS,DynamicABS1.pc,single,1,60,-0.25,0.0,1.0,1788664391-0045,40.7703,133.76,0.8982,2.85,60.0,42.93,0.853,0.25,7.8,3.2,62.7,95.3,0,ba2f3327-f04f27a6-108632,1,17.7,OK
20:13:17,corner,DynamicABS,DynamicABS1.pc,single,1,60,-0.5,0.0,1.0,1788664409-0046,47.1827,154.80,0.7761,3.47,60.0,52.94,0.692,0.50,16.2,9.6,98.9,89.3,0,ba2f3327-f04f27a6-108632,1,17.3,OK
20:13:34,corner,DynamicABS,DynamicABS1.pc,single,1,60,-0.75,0.0,1.0,1788664426-0047,47.6380,156.29,0.7687,3.53,60.0,53.63,0.683,0.75,25.2,17.9,103.0,88.9,0,ba2f3327-f04f27a6-108632,1,18.3,OK
20:13:52,corner,DynamicABS,DynamicABS1.pc,single,1,60,-1.0,0.0,1.0,1788664445-0048,45.7402,150.07,0.8006,3.36,60.0,50.30,0.728,1.00,35.2,27.7,94.1,90.5,0,ba2f3327-f04f27a6-108632,1,17.4,OK
20:14:10,corner,DynamicABS,DynamicABS1.pc,double,1,60,-0.05,0.05,0.75,1788664462-0049,33.0678,108.49,1.1074,2.36,60.0,33.08,1.107,0.05,1.5,0.7,8.7,100.0,0,ba2f3327-f04f27a6-108632,1,17.6,OK
20:14:27,corner,DynamicABS,DynamicABS1.pc,double,1,60,-0.1,0.15,0.75,1788664480-0050,35.4408,116.28,1.0332,2.51,60.0,35.59,1.029,0.13,4.0,1.2,33.8,100.0,0,ba2f3327-f04f27a6-108632,1,16.7,OK
20:14:44,corner,DynamicABS,DynamicABS1.pc,double,1,60,-0.15,0.05,0.75,1788664497-0051,37.3741,122.62,0.9798,2.57,60.0,37.56,0.975,0.08,2.5,0.9,26.9,99.1,0,ba2f3327-f04f27a6-108632,1,17.0,OK
20:15:01,corner,DynamicABS,DynamicABS1.pc,double,1,60,-0.2,0.2,0.75,1788664514-0052,40.9041,134.20,0.8952,2.81,60.0,41.40,0.885,0.20,6.1,1.9,59.4,95.2,0,ba2f3327-f04f27a6-108632,1,17.8,OK
20:15:19,corner,DynamicABS,DynamicABS1.pc,double,1,60,-0.25,0.5,0.75,1788664531-0053,46.3986,152.23,0.7892,4.23,60.0,53.53,0.684,0.45,14.3,5.1,138.2,90.0,0,ba2f3327-f04f27a6-108632,1,18.3,OK
20:15:37,corner,DynamicABS,DynamicABS1.pc,double,1,60,-0.5,0.75,0.75,1788664550-0054,50.0957,164.36,0.7310,3.79,60.0,55.04,0.665,0.70,22.7,14.2,123.0,86.9,0,ba2f3327-f04f27a6-108632,1,18.4,OK
20:15:56,corner,DynamicABS,DynamicABS1.pc,double,1,60,-0.75,0.05,0.75,1788664568-0055,42.0782,138.05,0.8702,2.76,60.0,42.33,0.865,0.25,8.8,7.3,28.6,91.1,0,ba2f3327-f04f27a6-108632,1,17.8,OK
20:16:14,corner,DynamicABS,DynamicABS1.pc,double,1,60,-1.0,0.1,0.75,1788664586-0056,43.1821,141.67,0.8480,2.86,60.0,43.41,0.844,0.34,12.6,10.3,38.4,89.7,0,ba2f3327-f04f27a6-108632,1,17.8,OK
20:16:32,corner,DynamicABS,DynamicABS1.pc,double,1,60,-0.05,0.2,0.8,1788664604-0057,33.1365,108.72,1.1051,2.38,60.0,33.27,1.101,0.15,4.5,2.1,21.1,100.0,0,ba2f3327-f04f27a6-108632,1,16.8,OK
20:16:48,corner,DynamicABS,DynamicABS1.pc,double,1,60,-0.1,1.0,0.8,1788664621-0058,37.4255,122.79,0.9784,2.80,60.0,38.58,0.949,0.73,24.4,17.3,68.6,99.1,0,ba2f3327-f04f27a6-108632,1,17.9,OK
20:17:06,corner,DynamicABS,DynamicABS1.pc,double,1,60,-0.15,0.25,0.8,1788664639-0059,36.8630,120.94,0.9934,2.58,60.0,37.15,0.986,0.22,6.6,2.5,48.7,99.8,0,ba2f3327-f04f27a6-108632,1,17.6,OK
20:17:24,corner,DynamicABS,DynamicABS1.pc,double,1,60,-0.2,0.25,0.8,1788664657-0060,39.7795,130.51,0.9205,2.75,60.0,40.28,0.909,0.24,7.2,2.5,61.3,96.4,0,ba2f3327-f04f27a6-108632,1,18.1,OK
20:17:42,corner,DynamicABS,DynamicABS1.pc,double,1,60,-0.25,1.0,0.8,1788664674-0061,46.2511,151.74,0.7917,3.55,60.0,49.72,0.737,0.83,27.9,18.8,116.7,90.1,0,ba2f3327-f04f27a6-108632,1,17.3,OK
20:17:59,corner,DynamicABS,DynamicABS1.pc,double,1,60,-0.5,0.05,0.8,1788664692-0062,42.8976,140.74,0.8536,2.82,60.0,43.21,0.847,0.17,5.9,4.2,37.8,91.1,0,ba2f3327-f04f27a6-108632,1,17.9,OK
20:18:17,corner,DynamicABS,DynamicABS1.pc,double,1,60,-0.75,0.1,0.8,1788664710-0063,43.1016,141.41,0.8496,2.82,60.0,43.34,0.845,0.28,9.7,7.3,39.4,90.7,0,ba2f3327-f04f27a6-108632,1,17.9,OK
20:18:35,corner,DynamicABS,DynamicABS1.pc,double,1,60,-1.0,1.0,0.8,1788664728-0064,47.3464,155.34,0.7734,3.41,60.0,49.97,0.733,1.00,34.0,26.3,95.5,89.1,0,ba2f3327-f04f27a6-108632,1,17.4,OK
20:18:53,corner,DynamicABS,DynamicABS1.pc,double,1,60,-0.05,0.75,0.85,1788664745-0065,34.6904,113.81,1.0556,2.60,60.0,35.58,1.029,0.52,16.8,10.8,49.3,100.0,0,ba2f3327-f04f27a6-108632,1,17.7,OK
20:19:11,corner,DynamicABS,DynamicABS1.pc,double,1,60,-0.1,0.25,0.85,1788664763-0066,34.4132,112.90,1.0641,2.44,60.0,34.60,1.058,0.20,6.1,2.5,37.0,100.0,0,ba2f3327-f04f27a6-108632,1,16.8,OK
20:19:27,corner,DynamicABS,DynamicABS1.pc,double,1,60,-0.15,0.15,0.85,1788664780-0067,35.9734,118.02,1.0179,2.49,60.0,36.14,1.013,0.15,4.6,1.6,37.3,100.0,0,ba2f3327-f04f27a6-108632,1,16.9,OK
20:19:44,corner,DynamicABS,DynamicABS1.pc,double,1,60,-0.2,0.25,0.85,1788664797-0068,38.8546,127.48,0.9424,2.68,60.0,39.28,0.932,0.23,7.2,2.6,58.4,97.4,0,ba2f3327-f04f27a6-108632,1,17.7,OK
20:20:02,corner,DynamicABS,DynamicABS1.pc,double,1,60,-0.25,0.15,0.85,1788664814-0069,40.0838,131.51,0.9135,2.70,60.0,40.36,0.907,0.18,5.6,2.4,47.6,96.1,0,ba2f3327-f04f27a6-108632,1,17.8,OK
20:20:20,corner,DynamicABS,DynamicABS1.pc,double,1,60,-0.5,0.1,0.85,1788664832-0070,43.0434,141.22,0.8507,2.82,60.0,43.32,0.845,0.21,6.9,4.5,42.0,91.0,0,ba2f3327-f04f27a6-108632,1,17.8,OK
20:20:38,corner,DynamicABS,DynamicABS1.pc,double,1,60,-0.75,0.75,0.85,1788664850-0071,48.7421,159.91,0.7513,3.60,60.0,52.49,0.698,0.75,24.5,16.4,110.7,88.0,0,ba2f3327-f04f27a6-108632,1,17.4,OK
20:20:55,corner,DynamicABS,DynamicABS1.pc,double,1,60,-1.0,0.5,0.85,1788664868-0072,45.9087,150.62,0.7976,3.31,60.0,48.42,0.756,0.62,20.7,13.8,92.3,90.4,0,ba2f3327-f04f27a6-108632,1,17.4,OK
20:21:13,corner,DynamicABS,DynamicABS1.pc,double,1,60,-0.05,0.1,0.9,1788664885-0073,32.8121,107.65,1.1160,2.32,60.0,32.84,1.115,0.08,2.5,1.3,11.8,100.0,0,ba2f3327-f04f27a6-108632,1,17.5,OK
20:21:30,corner,DynamicABS,DynamicABS1.pc,double,1,60,-0.1,0.5,0.9,1788664902-0074,34.3965,112.85,1.0646,2.50,60.0,34.85,1.051,0.37,11.4,6.0,49.6,100.0,0,ba2f3327-f04f27a6-108632,1,17.6,OK
20:21:48,corner,DynamicABS,DynamicABS1.pc,double,1,60,-0.15,0.2,0.9,1788664920-0075,35.4900,116.44,1.0318,2.48,60.0,35.66,1.027,0.18,5.6,2.3,40.1,100.0,0,ba2f3327-f04f27a6-108632,1,17.8,OK
20:22:06,corner,DynamicABS,DynamicABS1.pc,double,1,60,-0.2,0.5,0.9,1788664938-0076,40.1532,131.74,0.9120,2.91,60.0,41.42,0.884,0.42,12.9,5.9,82.8,96.0,0,ba2f3327-f04f27a6-108632,1,17.8,OK
20:22:24,corner,DynamicABS,DynamicABS1.pc,double,1,60,-0.25,0.25,0.9,1788664956-0077,38.6887,126.93,0.9465,2.65,60.0,39.04,0.938,0.25,7.7,3.2,57.6,97.6,0,ba2f3327-f04f27a6-108632,1,17.7,OK
20:22:41,corner,DynamicABS,DynamicABS1.pc,double,1,60,-0.5,0.5,0.9,1788664974-0078,47.0283,154.29,0.7786,4.61,60.0,56.63,0.647,0.50,16.0,6.5,149.0,89.4,0,ba2f3327-f04f27a6-108632,1,18.4,OK
20:23:00,corner,DynamicABS,DynamicABS1.pc,double,1,60,-0.75,0.05,0.9,1788664992-0079,41.9905,137.76,0.8721,2.72,60.0,42.25,0.867,0.25,8.9,7.2,30.3,91.8,0,ba2f3327-f04f27a6-108632,1,17.8,OK
20:23:18,corner,DynamicABS,DynamicABS1.pc,double,1,60,-1.0,0.75,0.9,1788665010-0080,46.4121,152.27,0.7890,3.42,60.0,49.52,0.739,0.81,26.9,19.0,100.8,89.9,0,ba2f3327-f04f27a6-108632,1,18.3,OK
20:23:36,corner,DynamicABS,DynamicABS1.pc,double,1,60,-0.05,0.25,0.95,1788665028-0081,33.3041,109.27,1.0995,2.37,60.0,33.49,1.094,0.18,5.5,2.7,23.6,100.0,0,ba2f3327-f04f27a6-108632,1,17.7,OK
20:23:54,corner,DynamicABS,DynamicABS1.pc,double,1,60,-0.1,0.15,0.95,1788665046-0082,32.4106,106.33,1.1298,2.30,60.0,32.47,1.128,0.13,4.0,1.9,22.7,100.0,0,ba2f3327-f04f27a6-108632,1,16.8,OK
20:24:11,corner,DynamicABS,DynamicABS1.pc,double,1,60,-0.15,0.15,0.95,1788665063-0083,33.7061,110.58,1.0864,2.36,60.0,33.81,1.083,0.15,4.6,2.2,28.2,100.0,0,ba2f3327-f04f27a6-108632,1,17.7,OK
20:24:28,corner,DynamicABS,DynamicABS1.pc,double,1,60,-0.2,0.75,0.95,1788665081-0084,42.0077,137.82,0.8717,3.14,60.0,44.15,0.829,0.61,19.5,11.3,96.8,94.1,0,ba2f3327-f04f27a6-108632,1,17.4,OK
20:24:46,corner,DynamicABS,DynamicABS1.pc,double,1,60,-0.25,0.75,0.95,1788665098-0085,43.6708,143.28,0.8385,3.41,60.0,47.03,0.779,0.63,20.4,11.3,113.4,92.4,0,ba2f3327-f04f27a6-108632,1,17.3,OK
20:25:03,corner,DynamicABS,DynamicABS1.pc,double,1,60,-0.5,0.15,0.95,1788665115-0086,41.9548,137.65,0.8728,2.76,60.0,42.26,0.867,0.25,8.1,4.9,49.1,94.1,0,ba2f3327-f04f27a6-108632,1,17.9,OK
20:25:21,corner,DynamicABS,DynamicABS1.pc,double,1,60,-0.75,0.05,0.95,1788665133-0087,42.0747,138.04,0.8703,2.72,60.0,42.34,0.865,0.25,8.9,7.4,29.0,91.2,0,ba2f3327-f04f27a6-108632,1,17.9,OK
20:25:39,corner,DynamicABS,DynamicABS1.pc,double,1,60,-1.0,0.15,0.95,1788665151-0088,41.1834,135.12,0.8891,2.71,60.0,41.44,0.884,0.40,14.2,11.2,42.8,94.9,0,ba2f3327-f04f27a6-108632,1,17.7,OK
20:25:57,corner,DynamicABS,DynamicABS1.pc,double,1,60,-0.05,0.15,1.0,1788665169-0089,33.1248,108.68,1.1055,2.34,60.0,33.20,1.103,0.11,3.5,1.7,16.0,100.0,0,ba2f3327-f04f27a6-108632,1,16.8,OK
20:26:14,corner,DynamicABS,DynamicABS1.pc,double,1,60,-0.1,0.5,1.0,1788665186-0090,33.3769,109.50,1.0971,2.44,60.0,33.74,1.085,0.36,11.2,6.0,46.0,100.0,0,ba2f3327-f04f27a6-108632,1,17.5,OK
20:26:31,corner,DynamicABS,DynamicABS1.pc,double,1,60,-0.15,0.75,1.0,1788665203-0091,37.2749,122.29,0.9824,2.76,60.0,38.37,0.954,0.57,18.2,10.6,75.7,99.3,0,ba2f3327-f04f27a6-108632,1,17.5,OK
20:26:49,corner,DynamicABS,DynamicABS1.pc,double,1,60,-0.2,0.1,1.0,1788665221-0092,36.4071,119.45,1.0058,2.48,60.0,36.62,1.000,0.13,4.1,1.9,33.5,100.0,0,ba2f3327-f04f27a6-108632,1,17.8,OK
20:27:07,corner,DynamicABS,DynamicABS1.pc,double,1,60,-0.25,0.5,1.0,1788665239-0093,41.8458,137.29,0.8751,3.09,60.0,43.72,0.838,0.44,13.6,5.9,95.6,94.2,0,ba2f3327-f04f27a6-108632,1,17.4,OK
20:27:24,corner,DynamicABS,DynamicABS1.pc,double,1,60,-0.5,0.25,1.0,1788665256-0094,42.9587,140.94,0.8524,2.91,60.0,43.72,0.838,0.32,10.1,5.1,69.1,93.1,0,ba2f3327-f04f27a6-108632,1,17.9,OK
20:27:42,corner,DynamicABS,DynamicABS1.pc,double,1,60,-0.75,1.0,1.0,1788665274-0095,47.8050,156.84,0.7660,3.45,60.0,50.68,0.722,0.94,31.7,23.6,103.3,88.8,0,ba2f3327-f04f27a6-108632,1,17.5,OK
20:27:59,corner,DynamicABS,DynamicABS1.pc,double,1,60,-1.0,0.1,1.0,1788665292-0096,40.4302,132.65,0.9057,2.65,60.0,40.62,0.902,0.36,13.5,11.2,34.5,95.5,0,ba2f3327-f04f27a6-108632,1,17.9,OK
20:28:42,corner,StockABS,StockABS1.pc,single,1,60,-0.05,0.0,0.75,1788665334-0001,33.9402,111.35,1.0789,2.43,60.0,34.01,1.077,0.05,1.5,0.5,12.1,100.0,0,,0,16.0,OK
20:28:58,corner,StockABS,StockABS1.pc,single,1,60,-0.1,0.0,0.75,1788665350-0002,36.6181,120.14,1.0000,2.58,60.0,36.99,0.990,0.10,3.0,1.1,26.3,100.0,0,,0,15.9,OK
20:29:14,corner,StockABS,StockABS1.pc,single,1,60,-0.15,0.0,0.75,1788665365-0003,40.8074,133.88,0.8973,2.83,60.0,41.96,0.873,0.15,4.6,1.7,44.0,95.3,0,,0,16.5,OK
20:29:30,corner,StockABS,StockABS1.pc,single,1,60,-0.2,0.0,0.75,1788665382-0004,46.9984,154.19,0.7791,3.39,60.0,50.87,0.720,0.20,6.2,1.9,74.7,89.4,0,,0,16.2,OK
20:29:46,corner,StockABS,StockABS1.pc,single,1,60,-0.25,0.0,0.75,1788665398-0005,50.4711,165.59,0.7255,4.24,60.0,61.52,0.595,0.25,7.8,2.4,120.6,86.6,0,,0,17.0,OK
20:30:03,corner,StockABS,StockABS1.pc,single,1,60,-0.5,0.0,0.75,1788665415-0006,47.5521,156.01,0.7701,3.57,60.0,53.51,0.684,0.50,16.3,10.0,98.4,89.0,0,,0,16.2,OK
20:30:20,corner,StockABS,StockABS1.pc,single,1,60,-0.75,0.0,0.75,1788665432-0007,47.7838,156.77,0.7663,3.53,60.0,52.86,0.693,0.75,25.3,19.1,91.8,88.8,0,,0,16.2,OK
20:30:36,corner,StockABS,StockABS1.pc,single,1,60,-1.0,0.0,0.75,1788665448-0008,48.5247,159.20,0.7546,3.54,60.0,53.01,0.691,1.00,35.3,29.4,86.9,87.8,0,,0,17.0,OK
20:30:53,corner,StockABS,StockABS1.pc,single,1,60,-0.05,0.0,0.8,1788665465-0009,32.9826,108.21,1.1102,2.37,60.0,33.03,1.109,0.05,1.5,0.7,10.4,100.0,0,,0,15.7,OK
20:31:09,corner,StockABS,StockABS1.pc,single,1,60,-0.1,0.0,0.8,1788665481-0010,35.5894,116.76,1.0289,2.51,60.0,35.89,1.020,0.10,3.1,1.2,24.3,100.0,0,,0,16.5,OK
20:31:25,corner,StockABS,StockABS1.pc,single,1,60,-0.15,0.0,0.8,1788665497-0011,39.1487,128.44,0.9354,2.73,60.0,40.08,0.914,0.15,4.6,1.9,40.0,97.1,0,,0,16.6,OK
20:31:42,corner,StockABS,StockABS1.pc,single,1,60,-0.2,0.0,0.8,1788665514-0012,44.7676,146.88,0.8180,3.17,60.0,47.58,0.770,0.20,6.2,2.3,65.6,91.4,0,,0,16.6,OK
20:31:58,corner,StockABS,StockABS1.pc,single,1,60,-0.25,0.0,0.8,1788665530-0013,48.2177,158.19,0.7594,3.52,60.0,53.08,0.690,0.25,7.8,3.1,83.6,88.4,0,,0,16.9,OK
20:32:15,corner,StockABS,StockABS1.pc,single,1,60,-0.5,0.0,0.8,1788665547-0014,46.9411,154.01,0.7801,3.48,60.0,52.21,0.701,0.50,16.2,10.3,92.7,89.5,0,,0,16.1,OK
20:32:32,corner,StockABS,StockABS1.pc,single,1,60,-0.75,0.0,0.8,1788665563-0015,47.5433,155.98,0.7702,3.51,60.0,52.54,0.697,0.75,25.3,19.1,91.1,89.0,0,,0,16.1,OK
20:32:48,corner,StockABS,StockABS1.pc,single,1,60,-1.0,0.0,0.8,1788665580-0016,48.6201,159.51,0.7532,3.54,60.0,53.11,0.689,1.00,35.3,29.5,86.4,87.6,0,,0,16.0,OK
20:33:04,corner,StockABS,StockABS1.pc,single,1,60,-0.05,0.0,0.85,1788665596-0017,32.4331,106.41,1.1290,2.33,60.0,32.48,1.128,0.05,1.5,0.7,9.7,100.0,0,,0,16.5,OK
20:33:20,corner,StockABS,StockABS1.pc,single,1,60,-0.1,0.0,0.85,1788665612-0018,34.9901,114.80,1.0465,2.47,60.0,35.26,1.039,0.10,3.1,1.3,22.9,100.0,0,,0,15.7,OK
20:33:36,corner,StockABS,StockABS1.pc,single,1,60,-0.15,0.0,0.85,1788665628-0019,39.1614,128.48,0.9351,2.71,60.0,40.07,0.914,0.15,4.6,1.8,39.7,97.1,0,,0,16.6,OK
20:33:53,corner,StockABS,StockABS1.pc,single,1,60,-0.2,0.0,0.85,1788665645-0020,45.1146,148.01,0.8117,3.18,60.0,47.94,0.764,0.20,6.2,2.3,65.4,91.1,0,,0,16.6,OK
20:34:09,corner,StockABS,StockABS1.pc,single,1,60,-0.25,0.0,0.85,1788665661-0021,47.5218,155.91,0.7706,3.46,60.0,52.24,0.701,0.25,7.8,3.1,82.9,89.0,0,,0,17.1,OK
20:34:26,corner,StockABS,StockABS1.pc,single,1,60,-0.5,0.0,0.85,1788665679-0022,46.6753,153.13,0.7845,3.41,60.0,51.38,0.713,0.50,16.2,10.5,88.2,89.7,0,,0,16.2,OK
20:34:43,corner,StockABS,StockABS1.pc,single,1,60,-0.75,0.0,0.85,1788665695-0023,47.2963,155.17,0.7742,3.45,60.0,51.86,0.706,0.75,25.3,19.4,87.1,89.2,0,,0,16.9,OK
20:35:00,corner,StockABS,StockABS1.pc,single,1,60,-1.0,0.0,0.85,1788665712-0024,48.6013,159.45,0.7534,3.54,60.0,53.16,0.689,1.00,35.3,29.4,87.2,88.1,0,,0,16.2,OK
20:35:16,corner,StockABS,StockABS1.pc,single,1,60,-0.05,0.0,0.9,1788665728-0025,32.2041,105.66,1.1371,2.31,60.0,32.24,1.136,0.05,1.5,0.7,9.4,100.0,0,,0,15.7,OK
20:35:32,corner,StockABS,StockABS1.pc,single,1,60,-0.1,0.0,0.9,1788665744-0026,34.2686,112.43,1.0686,2.42,60.0,34.51,1.061,0.10,3.1,1.3,21.8,100.0,0,,0,15.8,OK
20:35:47,corner,StockABS,StockABS1.pc,single,1,60,-0.15,0.0,0.9,1788665759-0027,37.7512,123.86,0.9700,2.62,60.0,38.50,0.951,0.15,4.6,2.0,36.8,98.7,0,,0,16.6,OK
20:36:04,corner,StockABS,StockABS1.pc,single,1,60,-0.2,0.0,0.9,1788665776-0028,44.2516,145.18,0.8275,3.12,60.0,47.00,0.779,0.20,6.2,2.2,65.1,91.9,0,,0,16.6,OK
20:36:21,corner,StockABS,StockABS1.pc,single,1,60,-0.25,0.0,0.9,1788665793-0029,46.7614,153.42,0.7831,3.40,60.0,51.05,0.717,0.25,7.8,3.2,79.8,89.6,0,,0,16.6,OK
20:36:37,corner,StockABS,StockABS1.pc,single,1,60,-0.5,0.0,0.9,1788665809-0030,45.4602,149.15,0.8055,3.32,60.0,49.75,0.736,0.50,16.3,10.6,84.6,90.8,0,,0,16.8,OK
20:36:54,corner,StockABS,StockABS1.pc,single,1,60,-0.75,0.0,0.9,1788665826-0031,47.1404,154.66,0.7768,3.44,60.0,51.72,0.708,0.75,25.3,19.4,87.5,89.3,0,,0,16.9,OK
20:37:11,corner,StockABS,StockABS1.pc,single,1,60,-1.0,0.0,0.9,1788665843-0032,48.3576,158.65,0.7572,3.49,60.0,52.60,0.696,1.00,35.3,29.4,85.1,88.3,0,,0,16.8,OK
20:37:28,corner,StockABS,StockABS1.pc,single,1,60,-0.05,0.0,0.95,1788665860-0033,31.7719,104.24,1.1525,2.28,60.0,31.81,1.151,0.05,1.6,0.7,9.0,100.0,0,,0,15.6,OK
20:37:44,corner,StockABS,StockABS1.pc,single,1,60,-0.1,0.0,0.95,1788665876-0034,33.6626,110.44,1.0878,2.38,60.0,33.85,1.082,0.10,3.1,1.4,19.8,100.0,0,,0,15.8,OK
20:37:59,corner,StockABS,StockABS1.pc,single,1,60,-0.15,0.0,0.95,1788665891-0035,37.2426,122.19,0.9832,2.58,60.0,37.90,0.966,0.15,4.6,2.1,34.9,99.3,0,,0,16.5,OK
20:38:16,corner,StockABS,StockABS1.pc,single,1,60,-0.2,0.0,0.95,1788665908-0036,44.3653,145.56,0.8254,3.12,60.0,47.16,0.777,0.20,6.2,2.2,65.7,91.8,0,,0,16.7,OK
20:38:33,corner,StockABS,StockABS1.pc,single,1,60,-0.25,0.0,0.95,1788665925-0037,45.3679,148.84,0.8071,3.24,60.0,48.81,0.750,0.25,7.8,3.5,72.7,90.9,0,,0,16.1,OK
20:38:49,corner,StockABS,StockABS1.pc,single,1,60,-0.5,0.0,0.95,1788665941-0038,45.9366,150.71,0.7971,3.35,60.0,50.51,0.725,0.50,16.3,10.4,87.4,90.4,0,,0,16.1,OK
20:39:05,corner,StockABS,StockABS1.pc,single,1,60,-0.75,0.0,0.95,1788665957-0039,46.8691,153.77,0.7813,3.39,60.0,51.14,0.716,0.75,25.3,19.3,85.4,89.5,0,,0,17.0,OK
20:39:22,corner,StockABS,StockABS1.pc,single,1,60,-1.0,0.0,0.95,1788665974-0040,48.5347,159.23,0.7545,3.51,60.0,52.92,0.692,1.00,35.3,29.6,85.2,88.1,0,,0,16.5,OK
20:39:39,corner,StockABS,StockABS1.pc,single,1,60,-0.05,0.0,1.0,1788665990-0041,31.4235,103.10,1.1653,2.26,60.0,31.45,1.164,0.05,1.5,0.8,8.3,100.0,0,,0,16.5,OK
20:39:55,corner,StockABS,StockABS1.pc,single,1,60,-0.1,0.0,1.0,1788666007-0042,33.2637,109.13,1.1008,2.35,60.0,33.43,1.095,0.10,3.1,1.4,19.1,100.0,0,,0,15.7,OK
20:40:11,corner,StockABS,StockABS1.pc,single,1,60,-0.15,0.0,1.0,1788666023-0043,36.9150,121.11,0.9920,2.57,60.0,37.53,0.976,0.15,4.6,2.0,34.0,99.7,0,,0,16.5,OK
20:40:27,corner,StockABS,StockABS1.pc,single,1,60,-0.2,0.0,1.0,1788666039-0044,43.0992,141.40,0.8496,3.01,60.0,45.31,0.808,0.20,6.2,2.4,59.2,93.0,0,,0,16.8,OK
20:40:44,corner,StockABS,StockABS1.pc,single,1,60,-0.25,0.0,1.0,1788666056-0045,43.4679,142.61,0.8424,3.06,60.0,46.10,0.794,0.25,7.8,3.5,65.7,92.6,0,,0,16.4,OK
20:41:01,corner,StockABS,StockABS1.pc,single,1,60,-0.5,0.0,1.0,1788666073-0046,44.7419,146.79,0.8184,3.23,60.0,48.48,0.755,0.50,16.2,10.7,80.1,91.4,0,,0,16.7,OK
20:41:17,corner,StockABS,StockABS1.pc,single,1,60,-0.75,0.0,1.0,1788666089-0047,46.6950,153.20,0.7842,3.36,60.0,50.74,0.722,0.75,25.3,19.4,83.3,89.7,0,,0,17.0,OK
20:41:34,corner,StockABS,StockABS1.pc,single,1,60,-1.0,0.0,1.0,1788666106-0048,48.3103,158.50,0.7580,3.49,60.0,52.61,0.696,1.00,35.3,29.5,85.2,88.3,0,,0,16.1,OK
20:41:51,corner,StockABS,StockABS1.pc,double,1,60,-0.05,0.05,0.75,1788666123-0049,33.8017,110.90,1.0833,2.42,60.0,33.82,1.083,0.05,1.5,0.6,11.6,100.0,0,,0,15.8,OK
20:42:06,corner,StockABS,StockABS1.pc,double,1,60,-0.1,0.15,0.75,1788666138-0050,36.1032,118.45,1.0143,2.56,60.0,36.23,1.011,0.13,4.1,1.5,30.5,100.0,0,,0,16.6,OK
20:42:23,corner,StockABS,StockABS1.pc,double,1,60,-0.15,0.05,0.75,1788666155-0051,39.2447,128.76,0.9331,2.68,60.0,39.45,0.928,0.08,2.5,1.0,26.5,96.5,0,,0,16.6,OK
20:42:40,corner,StockABS,StockABS1.pc,double,1,60,-0.2,0.2,0.75,1788666172-0052,43.4491,142.55,0.8428,2.97,60.0,43.99,0.833,0.20,6.2,2.2,60.4,92.0,0,,0,16.7,OK
20:42:56,corner,StockABS,StockABS1.pc,double,1,60,-0.25,0.5,0.75,1788666188-0053,48.0850,157.76,0.7615,3.75,60.0,52.95,0.692,0.45,14.1,4.7,143.6,88.5,0,,0,16.1,OK
20:43:13,corner,StockABS,StockABS1.pc,double,1,60,-0.5,0.75,0.75,1788666205-0054,48.7017,159.78,0.7519,3.47,60.0,51.39,0.713,0.69,22.5,16.1,93.8,88.0,0,,0,17.1,OK
20:43:30,corner,StockABS,StockABS1.pc,double,1,60,-0.75,0.05,0.75,1788666222-0055,41.0345,134.63,0.8924,2.73,60.0,41.22,0.888,0.25,9.0,7.5,25.8,92.3,0,,0,16.7,OK
20:43:46,corner,StockABS,StockABS1.pc,double,1,60,-1.0,0.1,0.75,1788666238-0056,42.1929,138.43,0.8679,2.81,60.0,42.37,0.864,0.36,13.0,10.9,33.4,90.7,0,,0,16.4,OK
20:44:03,corner,StockABS,StockABS1.pc,double,1,60,-0.05,0.2,0.8,1788666255-0057,33.6463,110.39,1.0883,2.45,60.0,33.80,1.083,0.15,4.5,2.0,24.9,100.0,0,,0,16.5,OK
20:44:19,corner,StockABS,StockABS1.pc,double,1,60,-0.1,1.0,0.8,1788666271-0058,40.6082,133.23,0.9017,3.04,60.0,42.08,0.870,0.75,25.3,19.3,67.9,95.5,0,,0,16.3,OK
20:44:36,corner,StockABS,StockABS1.pc,double,1,60,-0.15,0.25,0.8,1788666288-0059,40.4533,132.72,0.9052,2.84,60.0,41.08,0.891,0.22,6.8,2.6,56.2,95.7,0,,0,16.6,OK
20:44:52,corner,StockABS,StockABS1.pc,double,1,60,-0.2,0.25,0.8,1788666304-0060,43.8872,143.99,0.8344,3.06,60.0,44.90,0.815,0.24,7.3,2.6,72.2,92.2,0,,0,16.6,OK
20:45:09,corner,StockABS,StockABS1.pc,double,1,60,-0.25,1.0,0.8,1788666321-0061,50.2275,164.79,0.7290,3.64,60.0,53.33,0.687,0.83,28.1,21.1,107.5,86.0,0,,0,16.2,OK
20:45:25,corner,StockABS,StockABS1.pc,double,1,60,-0.5,0.05,0.8,1788666337-0062,40.8016,133.86,0.8975,2.72,60.0,41.04,0.892,0.18,6.2,4.7,27.5,93.4,0,,0,16.5,OK
20:45:42,corner,StockABS,StockABS1.pc,double,1,60,-0.75,0.1,0.8,1788666354-0063,41.0641,134.72,0.8917,2.73,60.0,41.23,0.888,0.29,10.0,8.1,31.8,93.1,0,,0,15.5,OK
20:45:57,corner,StockABS,StockABS1.pc,double,1,60,-1.0,1.0,0.8,1788666369-0064,48.9273,160.52,0.7484,3.48,60.0,51.29,0.714,1.00,34.1,28.3,84.9,85.0,0,,0,16.2,OK
20:46:14,corner,StockABS,StockABS1.pc,double,1,60,-0.05,0.75,0.85,1788666386-0065,35.6275,116.89,1.0278,2.68,60.0,36.51,1.003,0.53,17.1,11.8,48.3,100.0,0,,0,15.7,OK
20:46:29,corner,StockABS,StockABS1.pc,double,1,60,-0.1,0.25,0.85,1788666402-0066,35.9760,118.03,1.0179,2.57,60.0,36.27,1.010,0.20,6.2,2.7,39.1,100.0,0,,0,16.9,OK
20:46:46,corner,StockABS,StockABS1.pc,double,1,60,-0.15,0.15,0.85,1788666418-0067,38.2074,125.35,0.9584,2.62,60.0,38.37,0.954,0.15,4.6,2.0,35.6,98.2,0,,0,16.6,OK
20:47:03,corner,StockABS,StockABS1.pc,double,1,60,-0.2,0.25,0.85,1788666435-0068,42.8717,140.66,0.8541,2.97,60.0,43.72,0.838,0.24,7.3,2.7,67.3,93.2,0,,0,16.6,OK
20:47:19,corner,StockABS,StockABS1.pc,double,1,60,-0.25,0.15,0.85,1788666451-0069,41.5377,136.28,0.8816,2.79,60.0,41.81,0.876,0.18,5.6,2.7,46.5,94.3,0,,0,16.7,OK
20:47:36,corner,StockABS,StockABS1.pc,double,1,60,-0.5,0.1,0.85,1788666468-0070,40.6946,133.51,0.8998,2.71,60.0,40.89,0.896,0.22,7.3,5.3,32.4,94.0,0,,0,16.5,OK
20:47:53,corner,StockABS,StockABS1.pc,double,1,60,-0.75,0.75,0.85,1788666485-0071,47.3517,155.35,0.7733,3.33,60.0,49.48,0.740,0.75,24.6,18.7,83.1,88.7,0,,0,16.7,OK
20:48:10,corner,StockABS,StockABS1.pc,double,1,60,-1.0,0.5,0.85,1788666502-0072,47.1080,154.55,0.7773,3.32,60.0,49.33,0.742,0.62,20.8,15.1,83.6,89.3,0,,0,16.1,OK
20:48:26,corner,StockABS,StockABS1.pc,double,1,60,-0.05,0.1,0.9,1788666518-0073,32.0757,105.24,1.1416,2.31,60.0,32.09,1.141,0.08,2.5,1.3,12.0,100.0,0,,0,15.8,OK
20:48:41,corner,StockABS,StockABS1.pc,double,1,60,-0.1,0.5,0.9,1788666534-0074,37.1992,122.04,0.9844,2.69,60.0,37.81,0.969,0.37,11.5,6.7,50.7,99.4,0,,0,15.8,OK
20:48:57,corner,StockABS,StockABS1.pc,double,1,60,-0.15,0.2,0.9,1788666549-0075,37.4962,123.02,0.9766,2.61,60.0,37.71,0.971,0.18,5.6,2.6,39.4,99.0,0,,0,16.7,OK
20:49:14,corner,StockABS,StockABS1.pc,double,1,60,-0.2,0.5,0.9,1788666566-0076,45.1775,148.22,0.8105,3.31,60.0,47.68,0.768,0.42,13.4,6.7,96.8,91.0,0,,0,16.2,OK
20:49:30,corner,StockABS,StockABS1.pc,double,1,60,-0.25,0.25,0.9,1788666582-0077,42.8540,140.60,0.8545,2.95,60.0,43.56,0.841,0.25,7.8,3.4,64.7,93.2,0,,0,16.6,OK
20:49:47,corner,StockABS,StockABS1.pc,double,1,60,-0.5,0.5,0.9,1788666599-0078,45.9301,150.69,0.7972,3.27,60.0,48.07,0.762,0.50,16.0,10.0,85.7,90.4,0,,0,16.7,OK
20:50:04,corner,StockABS,StockABS1.pc,double,1,60,-0.75,0.05,0.9,1788666616-0079,40.2150,131.94,0.9106,2.66,60.0,40.40,0.906,0.26,9.2,7.8,24.7,94.1,0,,0,16.6,OK
20:50:20,corner,StockABS,StockABS1.pc,double,1,60,-1.0,0.75,0.9,1788666632-0080,47.6030,156.18,0.7692,3.34,60.0,49.73,0.736,0.81,27.0,21.2,82.3,87.4,0,,0,16.2,OK
20:50:37,corner,StockABS,StockABS1.pc,double,1,60,-0.05,0.25,0.95,1788666648-0081,32.7597,107.48,1.1178,2.38,60.0,32.94,1.112,0.18,5.5,2.7,25.4,100.0,0,,0,15.7,OK
20:50:52,corner,StockABS,StockABS1.pc,double,1,60,-0.1,0.15,0.95,1788666664-0082,34.2545,112.38,1.0690,2.41,60.0,34.32,1.067,0.13,4.1,2.0,23.5,100.0,0,,0,16.5,OK
20:51:09,corner,StockABS,StockABS1.pc,double,1,60,-0.15,0.15,0.95,1788666681-0083,37.4775,122.96,0.9771,2.57,60.0,37.62,0.973,0.15,4.6,2.2,33.4,99.0,0,,0,16.6,OK
20:51:25,corner,StockABS,StockABS1.pc,double,1,60,-0.2,0.75,0.95,1788666697-0084,45.9072,150.61,0.7977,3.30,60.0,48.11,0.761,0.61,19.8,13.2,90.8,90.4,0,,0,16.7,OK
20:51:42,corner,StockABS,StockABS1.pc,double,1,60,-0.25,0.75,0.95,1788666714-0085,46.7505,153.38,0.7833,3.41,60.0,49.50,0.740,0.63,20.4,13.3,101.2,89.6,0,,0,16.2,OK
20:51:58,corner,StockABS,StockABS1.pc,double,1,60,-0.5,0.15,0.95,1788666731-0086,40.8003,133.86,0.8975,2.72,60.0,41.02,0.893,0.26,8.3,5.6,39.5,95.0,0,,0,16.6,OK
20:52:15,corner,StockABS,StockABS1.pc,double,1,60,-0.75,0.05,0.95,1788666747-0087,40.0701,131.46,0.9138,2.65,60.0,40.26,0.910,0.26,9.2,7.9,24.4,94.5,0,,0,16.5,OK
20:52:32,corner,StockABS,StockABS1.pc,double,1,60,-1.0,0.15,0.95,1788666764-0088,41.5464,136.31,0.8814,2.74,60.0,41.74,0.877,0.39,14.4,11.9,36.8,92.7,0,,0,16.6,OK
20:52:48,corner,StockABS,StockABS1.pc,double,1,60,-0.05,0.15,1.0,1788666780-0089,31.9039,104.67,1.1478,2.30,60.0,31.95,1.146,0.11,3.5,1.7,15.6,100.0,0,,0,15.6,OK
20:53:04,corner,StockABS,StockABS1.pc,double,1,60,-0.1,0.5,1.0,1788666796-0090,35.4143,116.19,1.0340,2.58,60.0,35.89,1.020,0.37,11.6,7.1,44.4,100.0,0,,0,16.6,OK
20:53:21,corner,StockABS,StockABS1.pc,double,1,60,-0.15,0.75,1.0,1788666813-0091,40.2855,132.17,0.9090,2.92,60.0,41.42,0.884,0.58,18.6,13.0,66.3,95.9,0,,0,16.7,OK
20:53:37,corner,StockABS,StockABS1.pc,double,1,60,-0.2,0.1,1.0,1788666829-0092,39.2972,128.93,0.9318,2.64,60.0,39.53,0.926,0.13,4.1,2.0,34.2,96.9,0,,0,15.8,OK
20:53:53,corner,StockABS,StockABS1.pc,double,1,60,-0.25,0.5,1.0,1788666845-0093,45.8242,150.34,0.7991,3.35,60.0,48.44,0.756,0.44,13.9,6.8,102.1,90.5,0,,0,16.1,OK
20:54:09,corner,StockABS,StockABS1.pc,double,1,60,-0.5,0.25,1.0,1788666861-0094,42.4561,139.29,0.8625,2.86,60.0,43.01,0.851,0.32,10.3,6.3,56.0,93.6,0,,0,16.7,OK
20:54:26,corner,StockABS,StockABS1.pc,double,1,60,-0.75,1.0,1.0,1788666878-0095,47.7603,156.69,0.7667,3.36,60.0,49.75,0.736,0.94,31.6,25.9,81.3,87.2,0,,0,16.7,OK
20:54:43,corner,StockABS,StockABS1.pc,double,1,60,-1.0,0.1,1.0,1788666895-0096,40.5189,132.94,0.9037,2.66,60.0,40.67,0.900,0.37,13.4,11.6,28.7,93.6,0,,0,16.5,OK
20:55:24,corner,StockABS_TC_ESC,StockABSTCESC1.pc,single,1,60,-0.05,0.0,0.75,1788666935-0001,33.7467,110.72,1.0851,2.42,60.0,33.82,1.083,0.05,1.5,0.6,12.0,100.0,0,,0,15.5,OK
20:55:39,corner,StockABS_TC_ESC,StockABSTCESC1.pc,single,1,60,-0.1,0.0,0.75,1788666951-0002,36.1556,118.62,1.0128,2.55,60.0,36.51,1.003,0.10,3.0,1.0,26.1,100.0,0,,0,16.6,OK
20:55:56,corner,StockABS_TC_ESC,StockABSTCESC1.pc,single,1,60,-0.15,0.0,0.75,1788666968-0003,41.0926,134.82,0.8911,2.85,60.0,42.29,0.866,0.15,4.6,1.7,44.7,95.0,0,,0,16.8,OK
20:56:13,corner,StockABS_TC_ESC,StockABSTCESC1.pc,single,1,60,-0.2,0.0,0.75,1788666985-0004,47.6050,156.18,0.7692,3.51,60.0,52.36,0.699,0.20,6.2,1.7,82.4,88.9,0,,0,17.0,OK
20:56:30,corner,StockABS_TC_ESC,StockABSTCESC1.pc,single,1,60,-0.25,0.0,0.75,1788667002-0005,48.3751,158.71,0.7570,3.56,60.0,53.39,0.686,0.25,7.8,3.0,84.9,88.3,0,,0,16.5,OK
20:56:46,corner,StockABS_TC_ESC,StockABSTCESC1.pc,single,1,60,-0.5,0.0,0.75,1788667019-0006,48.0107,157.52,0.7627,3.61,60.0,54.22,0.675,0.50,16.3,9.9,100.3,88.6,0,,0,17.5,OK
20:57:04,corner,StockABS_TC_ESC,StockABSTCESC1.pc,single,1,60,-0.75,0.0,0.75,1788667036-0007,47.7223,156.57,0.7673,3.52,60.0,52.72,0.695,0.75,25.3,19.2,91.1,88.8,0,,0,17.6,OK
20:57:21,corner,StockABS_TC_ESC,StockABSTCESC1.pc,single,1,60,-1.0,0.0,0.75,1788667054-0008,48.8238,160.18,0.7500,3.66,60.0,54.20,0.676,1.00,35.4,28.3,98.5,87.9,0,,0,17.5,OK
20:57:39,corner,StockABS_TC_ESC,StockABSTCESC1.pc,single,1,60,-0.05,0.0,0.8,1788667071-0009,32.7421,107.42,1.1184,2.35,60.0,32.79,1.117,0.05,1.5,0.7,10.4,100.0,0,,0,16.0,OK
20:57:55,corner,StockABS_TC_ESC,StockABSTCESC1.pc,single,1,60,-0.1,0.0,0.8,1788667087-0010,35.3547,115.99,1.0357,2.49,60.0,35.65,1.027,0.10,3.1,1.2,23.8,100.0,0,,0,16.9,OK
20:58:12,corner,StockABS_TC_ESC,StockABSTCESC1.pc,single,1,60,-0.15,0.0,0.8,1788667104-0011,40.2448,132.04,0.9099,2.79,60.0,41.32,0.886,0.15,4.6,1.8,42.6,95.9,0,,0,17.0,OK
20:58:29,corner,StockABS_TC_ESC,StockABSTCESC1.pc,single,1,60,-0.2,0.0,0.8,1788667121-0012,44.9748,147.56,0.8142,3.18,60.0,47.82,0.766,0.20,6.2,2.3,65.5,91.2,0,,0,16.5,OK
20:58:45,corner,StockABS_TC_ESC,StockABSTCESC1.pc,single,1,60,-0.25,0.0,0.8,1788667140-0013,48.8372,160.23,0.7498,3.70,60.0,54.99,0.666,0.25,7.8,2.8,93.1,87.9,0,,0,20.3,OK
20:59:06,corner,StockABS_TC_ESC,StockABSTCESC1.pc,single,1,60,-0.5,0.0,0.8,1788667159-0014,47.5480,156.00,0.7701,3.56,60.0,53.44,0.685,0.50,16.3,10.2,97.1,89.0,0,,0,18.4,OK
20:59:24,corner,StockABS_TC_ESC,StockABSTCESC1.pc,single,1,60,-0.75,0.0,0.8,1788667178-0015,47.5878,156.13,0.7695,3.48,60.0,52.30,0.700,0.75,25.3,19.4,88.2,88.9,0,,0,18.6,OK
20:59:43,corner,StockABS_TC_ESC,StockABSTCESC1.pc,single,1,60,-1.0,0.0,0.8,1788667197-0016,48.8528,160.28,0.7496,3.62,60.0,53.84,0.680,1.00,35.3,28.9,94.0,87.7,0,,0,18.9,OK
21:00:02,corner,StockABS_TC_ESC,StockABSTCESC1.pc,single,1,60,-0.05,0.0,0.85,1788667216-0017,32.4523,106.47,1.1284,2.34,60.0,32.49,1.127,0.05,1.5,0.8,9.5,100.0,0,,0,19.0,OK
21:00:21,corner,StockABS_TC_ESC,StockABSTCESC1.pc,single,1,60,-0.1,0.0,0.85,1788667235-0018,34.7639,114.05,1.0533,2.46,60.0,35.02,1.046,0.10,3.1,1.3,22.2,100.0,0,,0,18.6,OK
21:00:39,corner,StockABS_TC_ESC,StockABSTCESC1.pc,single,1,60,-0.15,0.0,0.85,1788667253-0019,39.4497,129.43,0.9282,2.73,60.0,40.44,0.906,0.15,4.6,1.8,41.2,96.8,0,,0,18.0,OK
21:00:57,corner,StockABS_TC_ESC,StockABSTCESC1.pc,single,1,60,-0.2,0.0,0.85,1788667271-0020,44.6371,146.45,0.8203,3.15,60.0,47.42,0.772,0.20,6.2,2.4,64.8,91.5,0,,0,19.4,OK
21:01:17,corner,StockABS_TC_ESC,StockABSTCESC1.pc,single,1,60,-0.25,0.0,0.85,1788667291-0021,47.6840,156.44,0.7679,3.53,60.0,52.88,0.692,0.25,7.8,3.0,86.9,88.9,0,,0,18.3,OK
21:01:35,corner,StockABS_TC_ESC,StockABSTCESC1.pc,single,1,60,-0.5,0.0,0.85,1788667309-0022,46.7438,153.36,0.7834,3.43,60.0,51.79,0.707,0.50,16.2,10.3,91.3,89.7,0,,0,18.3,OK
21:01:54,corner,StockABS_TC_ESC,StockABSTCESC1.pc,single,1,60,-0.75,0.0,0.85,1788667327-0023,47.0439,154.34,0.7784,3.40,60.0,51.35,0.713,0.75,25.3,19.4,85.5,89.4,0,,0,18.4,OK
21:02:12,corner,StockABS_TC_ESC,StockABSTCESC1.pc,single,1,60,-1.0,0.0,0.85,1788667346-0024,48.8420,160.24,0.7497,3.59,60.0,53.62,0.683,1.00,35.4,29.0,91.7,87.1,0,,0,19.3,OK
21:02:31,corner,StockABS_TC_ESC,StockABSTCESC1.pc,single,1,60,-0.05,0.0,0.9,1788667365-0025,32.0947,105.30,1.1409,2.31,60.0,32.13,1.140,0.05,1.5,0.8,9.0,100.0,0,,0,18.9,OK
21:02:50,corner,StockABS_TC_ESC,StockABSTCESC1.pc,single,1,60,-0.1,0.0,0.9,1788667384-0026,34.3664,112.75,1.0655,2.43,60.0,34.60,1.058,0.10,3.1,1.4,21.5,100.0,0,,0,19.0,OK
21:03:09,corner,StockABS_TC_ESC,StockABSTCESC1.pc,single,1,60,-0.15,0.0,0.9,1788667403-0027,38.2801,125.59,0.9566,2.65,60.0,39.06,0.937,0.15,4.6,2.0,37.3,98.1,0,,0,18.1,OK
21:03:28,corner,StockABS_TC_ESC,StockABSTCESC1.pc,single,1,60,-0.2,0.0,0.9,1788667421-0028,42.8464,140.57,0.8546,2.99,60.0,44.89,0.816,0.20,6.2,2.5,57.4,93.2,0,,0,19.0,OK
21:03:47,corner,StockABS_TC_ESC,StockABSTCESC1.pc,single,1,60,-0.25,0.0,0.9,1788667440-0029,45.8268,150.35,0.7991,3.27,60.0,49.50,0.740,0.25,7.8,3.3,75.0,90.5,0,,0,18.5,OK
21:04:05,corner,StockABS_TC_ESC,StockABSTCESC1.pc,single,1,60,-0.5,0.0,0.9,1788667459-0030,46.6367,153.01,0.7852,3.43,60.0,51.71,0.708,0.50,16.3,10.4,91.2,89.7,0,,0,19.5,OK
21:04:25,corner,StockABS_TC_ESC,StockABSTCESC1.pc,single,1,60,-0.75,0.0,0.9,1788667478-0031,47.2651,155.07,0.7747,3.46,60.0,52.01,0.704,0.75,25.3,19.2,89.2,89.2,0,,0,18.3,OK
21:04:43,corner,StockABS_TC_ESC,StockABSTCESC1.pc,single,1,60,-1.0,0.0,0.9,1788667497-0032,48.5220,159.19,0.7547,3.62,60.0,53.65,0.683,1.00,35.4,28.1,97.5,88.2,0,,0,19.5,OK
21:05:03,corner,StockABS_TC_ESC,StockABSTCESC1.pc,single,1,60,-0.05,0.0,0.95,1788667516-0033,31.8861,104.61,1.1484,2.29,60.0,31.92,1.147,0.05,1.5,0.7,9.0,100.0,0,,0,18.9,OK
21:05:22,corner,StockABS_TC_ESC,StockABSTCESC1.pc,single,1,60,-0.1,0.0,0.95,1788667535-0034,34.0374,111.67,1.0758,2.39,60.0,34.24,1.069,0.10,3.1,1.4,20.5,100.0,0,,0,18.9,OK
21:05:40,corner,StockABS_TC_ESC,StockABSTCESC1.pc,single,1,60,-0.15,0.0,0.95,1788667554-0035,37.9807,124.61,0.9641,2.62,60.0,38.70,0.946,0.15,4.6,2.0,36.1,98.4,0,,0,18.0,OK
21:05:59,corner,StockABS_TC_ESC,StockABSTCESC1.pc,single,1,60,-0.2,0.0,0.95,1788667572-0036,42.6526,139.94,0.8585,2.97,60.0,44.73,0.819,0.20,6.2,2.5,57.6,93.4,0,,0,17.9,OK
21:06:16,corner,StockABS_TC_ESC,StockABSTCESC1.pc,single,1,60,-0.25,0.0,0.95,1788667590-0037,46.4545,152.41,0.7883,3.36,60.0,50.61,0.724,0.25,7.8,3.2,78.7,89.9,0,,0,18.3,OK
21:06:35,corner,StockABS_TC_ESC,StockABSTCESC1.pc,single,1,60,-0.5,0.0,0.95,1788667609-0038,45.1746,148.21,0.8106,3.27,60.0,49.18,0.745,0.50,16.2,10.7,82.3,91.0,0,,0,18.3,OK
21:06:53,corner,StockABS_TC_ESC,StockABSTCESC1.pc,single,1,60,-0.75,0.0,0.95,1788667627-0039,46.7673,153.44,0.7830,3.38,60.0,51.00,0.718,0.75,25.3,19.4,84.9,89.6,0,,0,19.4,OK
21:07:13,corner,StockABS_TC_ESC,StockABSTCESC1.pc,single,1,60,-1.0,0.0,0.95,1788667646-0040,48.5879,159.41,0.7536,3.57,60.0,53.29,0.687,1.00,35.3,29.1,90.5,87.7,0,,0,18.3,OK
21:07:31,corner,StockABS_TC_ESC,StockABSTCESC1.pc,single,1,60,-0.05,0.0,1.0,1788667665-0041,31.7315,104.11,1.1540,2.29,60.0,31.76,1.153,0.05,1.6,0.7,8.8,100.0,0,,0,17.9,OK
21:07:49,corner,StockABS_TC_ESC,StockABSTCESC1.pc,single,1,60,-0.1,0.0,1.0,1788667682-0042,33.2667,109.14,1.1007,2.36,60.0,33.44,1.095,0.10,3.1,1.4,19.1,100.0,0,,0,18.8,OK
21:08:08,corner,StockABS_TC_ESC,StockABSTCESC1.pc,single,1,60,-0.15,0.0,1.0,1788667702-0043,37.0603,121.59,0.9881,2.58,60.0,37.71,0.971,0.15,4.6,2.0,35.0,99.5,0,,0,19.0,OK
21:08:27,corner,StockABS_TC_ESC,StockABSTCESC1.pc,single,1,60,-0.2,0.0,1.0,1788667721-0044,39.8641,130.79,0.9186,2.75,60.0,41.15,0.890,0.20,6.2,2.9,47.6,96.3,0,,0,18.4,OK
21:08:45,corner,StockABS_TC_ESC,StockABSTCESC1.pc,single,1,60,-0.25,0.0,1.0,1788667739-0045,43.4507,142.55,0.8427,3.06,60.0,46.07,0.795,0.25,7.8,3.5,65.4,92.6,0,,0,18.2,OK
21:09:03,corner,StockABS_TC_ESC,StockABSTCESC1.pc,single,1,60,-0.5,0.0,1.0,1788667757-0046,44.9465,147.46,0.8147,3.22,60.0,48.54,0.754,0.50,16.3,10.8,78.6,91.2,0,,0,18.6,OK
21:09:22,corner,StockABS_TC_ESC,StockABSTCESC1.pc,single,1,60,-0.75,0.0,1.0,1788667776-0047,46.3669,152.12,0.7897,3.33,60.0,50.33,0.728,0.75,25.2,19.3,83.0,90.0,0,,0,18.4,OK
21:09:41,corner,StockABS_TC_ESC,StockABSTCESC1.pc,single,1,60,-1.0,0.0,1.0,1788667795-0048,48.6659,159.66,0.7524,3.59,60.0,53.58,0.683,1.00,35.3,28.7,93.8,88.0,0,,0,18.6,OK
21:09:59,corner,StockABS_TC_ESC,StockABSTCESC1.pc,double,1,60,-0.05,0.05,0.75,1788667813-0049,33.6502,110.40,1.0882,2.41,60.0,33.67,1.088,0.05,1.5,0.6,11.4,100.0,0,,0,18.3,OK
21:10:18,corner,StockABS_TC_ESC,StockABSTCESC1.pc,double,1,60,-0.1,0.15,0.75,1788667831-0050,36.4139,119.47,1.0056,2.57,60.0,36.55,1.002,0.13,4.1,1.5,30.7,100.0,0,,0,18.0,OK
21:10:36,corner,StockABS_TC_ESC,StockABSTCESC1.pc,double,1,60,-0.15,0.05,0.75,1788667849-0051,38.5411,126.45,0.9501,2.64,60.0,38.73,0.945,0.08,2.5,1.0,25.7,97.8,0,,0,19.3,OK
21:10:55,corner,StockABS_TC_ESC,StockABSTCESC1.pc,double,1,60,-0.2,0.2,0.75,1788667869-0052,44.0348,144.47,0.8316,3.00,60.0,44.58,0.821,0.20,6.2,2.2,61.6,90.8,0,,0,18.9,OK
21:11:14,corner,StockABS_TC_ESC,StockABSTCESC1.pc,double,1,60,-0.25,0.5,0.75,1788667888-0053,46.1849,151.53,0.7929,3.12,60.0,47.15,0.777,0.43,13.7,9.0,84.2,90.1,0,,0,18.5,OK
21:11:32,corner,StockABS_TC_ESC,StockABSTCESC1.pc,double,1,60,-0.5,0.75,0.75,1788667906-0054,48.3654,158.68,0.7571,3.45,60.0,50.94,0.719,0.69,22.5,16.2,91.5,88.3,0,,0,18.4,OK
21:11:51,corner,StockABS_TC_ESC,StockABSTCESC1.pc,double,1,60,-0.75,0.05,0.75,1788667924-0055,41.1691,135.07,0.8895,2.74,60.0,41.36,0.885,0.26,9.0,7.6,26.0,92.1,0,,0,18.8,OK
21:12:10,corner,StockABS_TC_ESC,StockABSTCESC1.pc,double,1,60,-1.0,0.1,0.75,1788667943-0056,42.0427,137.94,0.8710,2.80,60.0,42.21,0.868,0.35,13.0,11.0,32.6,90.8,0,,0,18.9,OK
21:12:29,corner,StockABS_TC_ESC,StockABSTCESC1.pc,double,1,60,-0.05,0.2,0.8,1788667962-0057,33.8562,111.08,1.0816,2.46,60.0,34.02,1.076,0.15,4.6,2.0,25.3,100.0,0,,0,18.9,OK
21:12:48,corner,StockABS_TC_ESC,StockABSTCESC1.pc,double,1,60,-0.1,1.0,0.8,1788667981-0058,40.6863,133.49,0.9000,3.09,60.0,42.29,0.866,0.76,25.4,19.5,70.4,95.4,0,,0,18.3,OK
21:13:06,corner,StockABS_TC_ESC,StockABSTCESC1.pc,double,1,60,-0.15,0.25,0.8,1788668000-0059,40.8885,134.15,0.8956,2.88,60.0,41.61,0.880,0.22,6.8,2.5,59.1,95.2,0,,0,19.3,OK
21:13:25,corner,StockABS_TC_ESC,StockABSTCESC1.pc,double,1,60,-0.2,0.25,0.8,1788668020-0060,43.4208,142.46,0.8433,3.02,60.0,44.32,0.826,0.24,7.3,2.6,69.8,92.7,0,,0,19.8,OK
21:13:45,corner,StockABS_TC_ESC,StockABSTCESC1.pc,double,1,60,-0.25,1.0,0.8,1788668039-0061,49.8920,163.69,0.7339,3.70,60.0,53.51,0.684,0.83,28.3,20.1,117.0,87.1,0,,0,19.0,OK
21:14:04,corner,StockABS_TC_ESC,StockABSTCESC1.pc,double,1,60,-0.5,0.05,0.8,1788668058-0062,40.7499,133.69,0.8986,2.72,60.0,40.99,0.893,0.18,6.2,4.7,27.3,93.4,0,,0,17.9,OK
21:14:22,corner,StockABS_TC_ESC,StockABSTCESC1.pc,double,1,60,-0.75,0.1,0.8,1788668076-0063,41.3699,135.73,0.8851,2.75,60.0,41.54,0.882,0.29,10.0,8.0,32.3,92.4,0,,0,18.2,OK
21:14:40,corner,StockABS_TC_ESC,StockABSTCESC1.pc,double,1,60,-1.0,1.0,0.8,1788668094-0064,49.1580,161.28,0.7449,3.59,60.0,52.08,0.703,1.00,34.2,26.9,96.7,84.7,0,,0,18.7,OK
21:14:59,corner,StockABS_TC_ESC,StockABSTCESC1.pc,double,1,60,-0.05,0.75,0.85,1788668113-0065,35.5904,116.77,1.0289,2.67,60.0,36.41,1.006,0.53,17.0,11.8,47.3,100.0,0,,0,19.0,OK
21:15:18,corner,StockABS_TC_ESC,StockABSTCESC1.pc,double,1,60,-0.1,0.25,0.85,1788668132-0066,36.7274,120.50,0.9970,2.63,60.0,37.14,0.986,0.20,6.2,2.5,43.1,99.9,0,,0,18.0,OK
21:15:36,corner,StockABS_TC_ESC,StockABSTCESC1.pc,double,1,60,-0.15,0.15,0.85,1788668150-0067,38.2878,125.62,0.9564,2.63,60.0,38.46,0.952,0.15,4.6,2.0,36.6,98.1,0,,0,18.1,OK
21:15:54,corner,StockABS_TC_ESC,StockABSTCESC1.pc,double,1,60,-0.2,0.25,0.85,1788668168-0068,43.0783,141.33,0.8500,2.97,60.0,43.86,0.835,0.24,7.3,2.8,66.9,93.0,0,,0,19.1,OK
21:16:13,corner,StockABS_TC_ESC,StockABSTCESC1.pc,double,1,60,-0.25,0.15,0.85,1788668187-0069,42.8736,140.66,0.8541,2.87,60.0,43.19,0.848,0.18,5.6,2.6,48.6,91.6,0,,0,18.9,OK
21:16:32,corner,StockABS_TC_ESC,StockABSTCESC1.pc,double,1,60,-0.5,0.1,0.85,1788668206-0070,40.4711,132.78,0.9048,2.71,60.0,40.65,0.901,0.22,7.2,5.2,32.4,94.7,0,,0,18.1,OK
21:16:51,corner,StockABS_TC_ESC,StockABSTCESC1.pc,double,1,60,-0.75,0.75,0.85,1788668224-0071,47.3789,155.44,0.7729,3.35,60.0,49.62,0.738,0.75,24.6,18.5,85.0,89.1,0,,0,18.6,OK
21:17:09,corner,StockABS_TC_ESC,StockABSTCESC1.pc,double,1,60,-1.0,0.5,0.85,1788668243-0072,47.1531,154.70,0.7766,3.32,60.0,49.38,0.742,0.62,20.8,15.1,84.0,89.3,0,,0,18.5,OK
21:17:28,corner,StockABS_TC_ESC,StockABSTCESC1.pc,double,1,60,-0.05,0.1,0.9,1788668262-0073,32.2875,105.93,1.1341,2.33,60.0,32.31,1.133,0.08,2.5,1.2,12.4,100.0,0,,0,18.2,OK
21:17:46,corner,StockABS_TC_ESC,StockABSTCESC1.pc,double,1,60,-0.1,0.5,0.9,1788668280-0074,37.8812,124.28,0.9666,2.78,60.0,38.80,0.944,0.38,11.9,6.8,56.7,98.5,0,,0,18.0,OK
21:18:04,corner,StockABS_TC_ESC,StockABSTCESC1.pc,double,1,60,-0.15,0.2,0.9,1788668298-0075,37.8512,124.18,0.9674,2.62,60.0,38.07,0.962,0.18,5.7,2.6,39.4,98.6,0,,0,18.1,OK
21:18:22,corner,StockABS_TC_ESC,StockABSTCESC1.pc,double,1,60,-0.2,0.5,0.9,1788668316-0076,44.7953,146.97,0.8175,3.26,60.0,47.01,0.779,0.42,13.3,7.0,91.1,91.4,0,,0,18.3,OK
21:18:41,corner,StockABS_TC_ESC,StockABSTCESC1.pc,double,1,60,-0.25,0.25,0.9,1788668334-0077,43.0059,141.10,0.8515,2.95,60.0,43.71,0.838,0.25,7.8,3.4,65.7,93.1,0,,0,19.2,OK
21:19:00,corner,StockABS_TC_ESC,StockABSTCESC1.pc,double,1,60,-0.5,0.5,0.9,1788668354-0078,46.0524,151.09,0.7951,3.25,60.0,48.10,0.761,0.50,15.9,10.2,84.2,90.3,0,,0,18.7,OK
21:19:19,corner,StockABS_TC_ESC,StockABSTCESC1.pc,double,1,60,-0.75,0.05,0.9,1788668372-0079,40.3954,132.53,0.9065,2.68,60.0,40.59,0.902,0.26,9.2,7.9,24.6,93.7,0,,0,18.2,OK
21:19:37,corner,StockABS_TC_ESC,StockABSTCESC1.pc,double,1,60,-1.0,0.75,0.9,1788668391-0080,47.4954,155.82,0.7710,3.33,60.0,49.60,0.738,0.81,27.1,21.3,82.4,88.3,0,,0,18.6,OK
21:19:55,corner,StockABS_TC_ESC,StockABSTCESC1.pc,double,1,60,-0.05,0.25,0.95,1788668409-0081,32.5821,106.90,1.1239,2.37,60.0,32.73,1.119,0.18,5.5,2.8,24.2,100.0,0,,0,19.0,OK
21:20:14,corner,StockABS_TC_ESC,StockABSTCESC1.pc,double,1,60,-0.1,0.15,0.95,1788668428-0082,33.9258,111.31,1.0794,2.40,60.0,33.99,1.077,0.13,4.1,2.0,23.2,100.0,0,,0,19.1,OK
21:20:34,corner,StockABS_TC_ESC,StockABSTCESC1.pc,double,1,60,-0.15,0.15,0.95,1788668447-0083,37.3176,122.43,0.9813,2.56,60.0,37.46,0.978,0.15,4.6,2.2,32.8,99.2,0,,0,18.0,OK
21:20:52,corner,StockABS_TC_ESC,StockABSTCESC1.pc,double,1,60,-0.2,0.75,0.95,1788668465-0084,44.6522,146.50,0.8201,3.22,60.0,46.64,0.785,0.61,19.7,13.3,87.4,91.5,0,,0,18.4,OK
21:21:10,corner,StockABS_TC_ESC,StockABSTCESC1.pc,double,1,60,-0.25,0.75,0.95,1788668484-0085,46.6567,153.07,0.7848,3.41,60.0,49.52,0.740,0.63,20.4,13.1,103.0,89.7,0,,0,18.5,OK
21:21:29,corner,StockABS_TC_ESC,StockABSTCESC1.pc,double,1,60,-0.5,0.15,0.95,1788668503-0086,40.9241,134.27,0.8948,2.73,60.0,41.13,0.890,0.25,8.2,5.7,38.5,94.4,0,,0,19.2,OK
21:21:48,corner,StockABS_TC_ESC,StockABSTCESC1.pc,double,1,60,-0.75,0.05,0.95,1788668522-0087,40.1528,131.73,0.9120,2.65,60.0,40.34,0.908,0.26,9.3,7.9,24.4,94.2,0,,0,18.0,OK
21:22:06,corner,StockABS_TC_ESC,StockABSTCESC1.pc,double,1,60,-1.0,0.15,0.95,1788668540-0088,41.7764,137.06,0.8765,2.76,60.0,41.98,0.872,0.40,14.2,11.7,38.2,92.2,0,,0,19.1,OK
21:22:25,corner,StockABS_TC_ESC,StockABSTCESC1.pc,double,1,60,-0.05,0.15,1.0,1788668559-0089,31.8937,104.64,1.1481,2.30,60.0,31.93,1.147,0.11,3.5,1.8,15.1,100.0,0,,0,18.1,OK
21:22:43,corner,StockABS_TC_ESC,StockABSTCESC1.pc,double,1,60,-0.1,0.5,1.0,1788668577-0090,36.3429,119.24,1.0076,2.65,60.0,37.00,0.990,0.37,11.6,6.9,49.2,100.0,0,,0,18.1,OK
21:23:01,corner,StockABS_TC_ESC,StockABSTCESC1.pc,double,1,60,-0.15,0.75,1.0,1788668595-0091,41.7932,137.12,0.8762,3.02,60.0,43.21,0.847,0.58,18.9,12.7,73.5,94.3,0,,0,19.1,OK
21:23:21,corner,StockABS_TC_ESC,StockABSTCESC1.pc,double,1,60,-0.2,0.1,1.0,1788668614-0092,38.9792,127.88,0.9394,2.62,60.0,39.19,0.934,0.13,4.1,2.1,33.4,97.3,0,,0,19.2,OK
21:23:40,corner,StockABS_TC_ESC,StockABSTCESC1.pc,double,1,60,-0.25,0.5,1.0,1788668634-0093,45.4559,149.13,0.8056,3.29,60.0,47.82,0.766,0.44,13.8,7.2,96.1,90.8,0,,0,18.6,OK
21:23:58,corner,StockABS_TC_ESC,StockABSTCESC1.pc,double,1,60,-0.5,0.25,1.0,1788668652-0094,41.5190,136.22,0.8820,2.81,60.0,41.99,0.872,0.32,10.3,6.5,52.0,94.6,0,,0,19.1,OK
21:24:18,corner,StockABS_TC_ESC,StockABSTCESC1.pc,double,1,60,-0.75,1.0,1.0,1788668671-0095,48.2923,158.44,0.7583,3.46,60.0,50.60,0.724,0.94,31.8,25.3,88.6,86.3,0,,0,19.4,OK
21:24:37,corner,StockABS_TC_ESC,StockABSTCESC1.pc,double,1,60,-1.0,0.1,1.0,1788668691-0096,40.7749,133.78,0.8981,2.69,60.0,40.93,0.895,0.36,13.5,11.7,29.6,93.3,0,,0,19.3,OK
21:25:21,corner,DynamicABS,DynamicABS1.pc,single,2,60,-0.05,0.0,0.75,1788668734-0001,32.8940,107.92,1.1132,2.35,60.0,32.94,1.112,0.05,1.5,0.6,11.7,100.0,0,ba2f3327-f04f27a6-108632,1,19.2,OK
21:25:40,corner,DynamicABS,DynamicABS1.pc,single,2,60,-0.1,0.0,0.75,1788668754-0002,35.0770,115.08,1.0439,2.49,60.0,35.51,1.031,0.10,3.0,0.8,29.8,100.0,0,ba2f3327-f04f27a6-108632,1,20.8,OK
21:26:01,corner,DynamicABS,DynamicABS1.pc,single,2,60,-0.15,0.0,0.75,1788668775-0003,37.8144,124.06,0.9684,2.66,60.0,38.81,0.944,0.15,4.6,1.3,43.4,98.6,0,ba2f3327-f04f27a6-108632,1,20.8,OK
21:26:21,corner,DynamicABS,DynamicABS1.pc,single,2,60,-0.2,0.0,0.75,1788668796-0004,43.3245,142.14,0.8452,3.01,60.0,45.69,0.801,0.20,6.1,2.0,62.8,92.8,0,ba2f3327-f04f27a6-108632,1,19.9,OK
21:26:41,corner,DynamicABS,DynamicABS1.pc,single,2,60,-0.25,0.0,0.75,1788668815-0005,45.6389,149.73,0.8023,3.28,60.0,49.43,0.741,0.25,7.8,3.0,76.9,90.6,0,ba2f3327-f04f27a6-108632,1,20.3,OK
21:27:01,corner,DynamicABS,DynamicABS1.pc,single,2,60,-0.5,0.0,0.75,1788668836-0006,49.5453,162.55,0.7391,3.76,60.0,57.21,0.640,0.50,16.2,9.4,110.4,87.3,0,ba2f3327-f04f27a6-108632,1,20.2,OK
21:27:22,corner,DynamicABS,DynamicABS1.pc,single,2,60,-0.75,0.0,0.75,1788668856-0007,49.1651,161.30,0.7448,3.68,60.0,55.92,0.655,0.75,25.2,17.7,108.1,87.6,0,ba2f3327-f04f27a6-108632,1,20.1,OK
21:27:42,corner,DynamicABS,DynamicABS1.pc,single,2,60,-1.0,0.0,0.75,1788668876-0008,47.4747,155.76,0.7713,3.53,60.0,52.84,0.693,1.00,35.2,27.6,100.0,89.0,0,ba2f3327-f04f27a6-108632,1,20.3,OK
21:28:02,corner,DynamicABS,DynamicABS1.pc,single,2,60,-0.05,0.0,0.8,1788668896-0009,32.8017,107.62,1.1163,2.33,60.0,32.83,1.115,0.05,1.6,0.6,10.6,100.0,0,ba2f3327-f04f27a6-108632,1,20.8,OK
21:28:23,corner,DynamicABS,DynamicABS1.pc,single,2,60,-0.1,0.0,0.8,1788668917-0010,34.2194,112.27,1.0701,2.43,60.0,34.56,1.059,0.10,3.0,0.9,26.9,100.0,0,ba2f3327-f04f27a6-108632,1,19.5,OK
21:28:42,corner,DynamicABS,DynamicABS1.pc,single,2,60,-0.15,0.0,0.8,1788668936-0011,37.3932,122.68,0.9793,2.62,60.0,38.33,0.955,0.15,4.6,1.4,42.6,99.1,0,ba2f3327-f04f27a6-108632,1,20.2,OK
21:29:02,corner,DynamicABS,DynamicABS1.pc,single,2,60,-0.2,0.0,0.8,1788668957-0012,41.7795,137.07,0.8765,2.95,60.0,44.09,0.831,0.20,6.1,2.0,62.1,94.3,0,ba2f3327-f04f27a6-108632,1,19.9,OK
21:29:22,corner,DynamicABS,DynamicABS1.pc,single,2,60,-0.25,0.0,0.8,1788668976-0013,43.4989,142.71,0.8418,3.11,60.0,46.64,0.785,0.25,7.8,3.0,72.1,92.6,0,ba2f3327-f04f27a6-108632,1,20.2,OK
21:29:42,corner,DynamicABS,DynamicABS1.pc,single,2,60,-0.5,0.0,0.8,1788668997-0014,49.1028,161.10,0.7457,3.69,60.0,56.21,0.651,0.50,16.2,9.6,106.7,87.7,0,ba2f3327-f04f27a6-108632,1,20.6,OK
21:30:03,corner,DynamicABS,DynamicABS1.pc,single,2,60,-0.75,0.0,0.8,1788669017-0015,48.7554,159.96,0.7511,3.66,60.0,55.52,0.660,0.75,25.2,17.9,107.9,88.0,0,ba2f3327-f04f27a6-108632,1,20.1,OK
21:30:23,corner,DynamicABS,DynamicABS1.pc,single,2,60,-1.0,0.0,0.8,1788669037-0016,46.8574,153.73,0.7815,3.47,60.0,51.92,0.705,1.00,35.2,27.7,97.6,89.6,0,ba2f3327-f04f27a6-108632,1,20.2,OK
21:30:43,corner,DynamicABS,DynamicABS1.pc,single,2,60,-0.05,0.0,0.85,1788669057-0017,32.7201,107.35,1.1191,2.32,60.0,32.75,1.118,0.05,1.5,0.6,10.7,100.0,0,ba2f3327-f04f27a6-108632,1,19.7,OK
21:31:03,corner,DynamicABS,DynamicABS1.pc,single,2,60,-0.1,0.0,0.85,1788669077-0018,33.5895,110.20,1.0902,2.38,60.0,33.89,1.080,0.10,3.0,1.0,25.6,100.0,0,ba2f3327-f04f27a6-108632,1,20.7,OK
21:31:23,corner,DynamicABS,DynamicABS1.pc,single,2,60,-0.15,0.0,0.85,1788669098-0019,36.3879,119.38,1.0063,2.55,60.0,37.22,0.984,0.15,4.6,1.5,40.6,100.0,0,ba2f3327-f04f27a6-108632,1,20.7,OK
21:31:44,corner,DynamicABS,DynamicABS1.pc,single,2,60,-0.2,0.0,0.85,1788669118-0020,39.9386,131.03,0.9169,2.81,60.0,41.74,0.877,0.20,6.1,2.1,56.8,96.2,0,ba2f3327-f04f27a6-108632,1,20.8,OK
21:32:05,corner,DynamicABS,DynamicABS1.pc,single,2,60,-0.25,0.0,0.85,1788669139-0021,43.5249,142.80,0.8413,3.08,60.0,46.58,0.786,0.25,7.8,3.1,71.3,92.6,0,ba2f3327-f04f27a6-108632,1,20.3,OK
21:32:25,corner,DynamicABS,DynamicABS1.pc,single,2,60,-0.5,0.0,0.85,1788669159-0022,47.9320,157.26,0.7640,3.56,60.0,54.21,0.675,0.50,16.2,9.6,102.1,88.6,0,ba2f3327-f04f27a6-108632,1,20.3,OK
21:32:45,corner,DynamicABS,DynamicABS1.pc,single,2,60,-0.75,0.0,0.85,1788669180-0023,48.0397,157.61,0.7622,3.58,60.0,54.33,0.674,0.75,25.2,17.9,105.2,88.6,0,ba2f3327-f04f27a6-108632,1,20.3,OK
21:33:06,corner,DynamicABS,DynamicABS1.pc,single,2,60,-1.0,0.0,0.85,1788669200-0024,46.5557,152.74,0.7865,3.44,60.0,51.52,0.711,1.00,35.2,27.7,97.1,89.8,0,ba2f3327-f04f27a6-108632,1,20.2,OK
21:33:26,corner,DynamicABS,DynamicABS1.pc,single,2,60,-0.05,0.0,0.9,1788669220-0025,32.7119,107.32,1.1194,2.31,60.0,32.73,1.119,0.05,1.6,0.6,10.1,100.0,0,ba2f3327-f04f27a6-108632,1,19.7,OK
21:33:45,corner,DynamicABS,DynamicABS1.pc,single,2,60,-0.1,0.0,0.9,1788669240-0026,32.7637,107.49,1.1176,2.34,60.0,33.05,1.108,0.10,3.0,1.0,25.0,100.0,0,ba2f3327-f04f27a6-108632,1,19.6,OK
21:34:05,corner,DynamicABS,DynamicABS1.pc,single,2,60,-0.15,0.0,0.9,1788669259-0027,36.9711,121.30,0.9905,2.58,60.0,37.90,0.966,0.15,4.5,1.4,42.1,99.6,0,ba2f3327-f04f27a6-108632,1,20.8,OK
21:34:26,corner,DynamicABS,DynamicABS1.pc,single,2,60,-0.2,0.0,0.9,1788669280-0028,37.9699,124.57,0.9644,2.67,60.0,39.33,0.931,0.20,6.2,2.3,51.1,98.4,0,ba2f3327-f04f27a6-108632,1,19.7,OK
21:34:45,corner,DynamicABS,DynamicABS1.pc,single,2,60,-0.25,0.0,0.9,1788669300-0029,42.5481,139.59,0.8606,2.99,60.0,45.23,0.810,0.25,7.8,3.1,68.1,93.5,0,ba2f3327-f04f27a6-108632,1,20.7,OK
21:35:06,corner,DynamicABS,DynamicABS1.pc,single,2,60,-0.5,0.0,0.9,1788669320-0030,47.9427,157.29,0.7638,3.54,60.0,54.11,0.677,0.50,16.2,9.7,101.1,88.6,0,ba2f3327-f04f27a6-108632,1,20.2,OK
21:35:26,corner,DynamicABS,DynamicABS1.pc,single,2,60,-0.75,0.0,0.9,1788669340-0031,47.5427,155.98,0.7702,3.51,60.0,53.37,0.686,0.75,25.2,18.0,101.8,89.0,0,ba2f3327-f04f27a6-108632,1,20.3,OK
21:35:46,corner,DynamicABS,DynamicABS1.pc,single,2,60,-1.0,0.0,0.9,1788669361-0032,46.3871,152.19,0.7894,3.42,60.0,51.23,0.715,1.00,35.2,27.8,95.9,90.0,0,ba2f3327-f04f27a6-108632,1,20.1,OK
21:36:06,corner,DynamicABS,DynamicABS1.pc,single,2,60,-0.05,0.0,0.95,1788669381-0033,32.8279,107.70,1.1155,2.31,60.0,32.84,1.115,0.05,1.6,0.7,9.6,100.0,0,ba2f3327-f04f27a6-108632,1,19.5,OK
21:36:26,corner,DynamicABS,DynamicABS1.pc,single,2,60,-0.1,0.0,0.95,1788669400-0034,32.7630,107.49,1.1177,2.33,60.0,33.05,1.108,0.10,3.0,0.9,25.6,100.0,0,ba2f3327-f04f27a6-108632,1,20.7,OK
21:36:47,corner,DynamicABS,DynamicABS1.pc,single,2,60,-0.15,0.0,0.95,1788669421-0035,35.5463,116.62,1.0302,2.52,60.0,36.43,1.005,0.15,4.6,1.3,42.4,100.0,0,ba2f3327-f04f27a6-108632,1,20.5,OK
21:37:07,corner,DynamicABS,DynamicABS1.pc,single,2,60,-0.2,0.0,0.95,1788669441-0036,37.8982,124.34,0.9662,2.66,60.0,39.31,0.932,0.20,6.1,2.2,52.2,98.5,0,ba2f3327-f04f27a6-108632,1,19.4,OK
21:37:26,corner,DynamicABS,DynamicABS1.pc,single,2,60,-0.25,0.0,0.95,1788669461-0037,42.5975,139.76,0.8596,3.04,60.0,45.58,0.803,0.25,7.8,3.0,70.8,93.5,0,ba2f3327-f04f27a6-108632,1,20.3,OK
21:37:47,corner,DynamicABS,DynamicABS1.pc,single,2,60,-0.5,0.0,0.95,1788669481-0038,47.7313,156.60,0.7672,3.52,60.0,53.76,0.681,0.50,16.2,9.6,100.4,88.8,0,ba2f3327-f04f27a6-108632,1,20.1,OK
21:38:07,corner,DynamicABS,DynamicABS1.pc,single,2,60,-0.75,0.0,0.95,1788669501-0039,47.8005,156.83,0.7661,3.56,60.0,53.97,0.679,0.75,25.2,17.9,104.2,88.8,0,ba2f3327-f04f27a6-108632,1,21.2,OK
21:38:28,corner,DynamicABS,DynamicABS1.pc,single,2,60,-1.0,0.0,0.95,1788669522-0040,46.1148,151.30,0.7941,3.41,60.0,50.96,0.719,1.00,35.2,27.7,96.2,90.2,0,ba2f3327-f04f27a6-108632,1,20.1,OK
21:38:48,corner,DynamicABS,DynamicABS1.pc,single,2,60,-0.05,0.0,1.0,1788669542-0041,32.8124,107.65,1.1160,2.30,60.0,32.82,1.116,0.05,1.6,0.7,9.2,100.0,0,ba2f3327-f04f27a6-108632,1,20.7,OK
21:39:09,corner,DynamicABS,DynamicABS1.pc,single,2,60,-0.1,0.0,1.0,1788669563-0042,32.6014,106.96,1.1232,2.31,60.0,32.89,1.113,0.10,3.0,0.9,25.5,100.0,0,ba2f3327-f04f27a6-108632,1,20.5,OK
21:39:29,corner,DynamicABS,DynamicABS1.pc,single,2,60,-0.15,0.0,1.0,1788669583-0043,34.8650,114.39,1.0503,2.46,60.0,35.56,1.030,0.15,4.6,1.4,38.4,100.0,0,ba2f3327-f04f27a6-108632,1,20.3,OK
21:39:49,corner,DynamicABS,DynamicABS1.pc,single,2,60,-0.2,0.0,1.0,1788669603-0044,37.7404,123.82,0.9703,2.64,60.0,39.10,0.937,0.20,6.1,2.2,51.6,98.7,0,ba2f3327-f04f27a6-108632,1,20.6,OK
21:40:10,corner,DynamicABS,DynamicABS1.pc,single,2,60,-0.25,0.0,1.0,1788669624-0045,41.3648,135.71,0.8852,2.92,60.0,43.80,0.836,0.25,7.8,3.1,65.5,94.7,0,ba2f3327-f04f27a6-108632,1,20.7,OK
21:40:31,corner,DynamicABS,DynamicABS1.pc,single,2,60,-0.5,0.0,1.0,1788669645-0046,47.1814,154.79,0.7761,3.49,60.0,53.04,0.690,0.50,16.2,9.5,99.5,89.3,0,ba2f3327-f04f27a6-108632,1,21.2,OK
21:40:52,corner,DynamicABS,DynamicABS1.pc,single,2,60,-0.75,0.0,1.0,1788669666-0047,47.4976,155.83,0.7709,3.54,60.0,53.58,0.683,0.75,25.2,17.8,104.3,89.0,0,ba2f3327-f04f27a6-108632,1,20.3,OK
21:41:12,corner,DynamicABS,DynamicABS1.pc,single,2,60,-1.0,0.0,1.0,1788669687-0048,45.8806,150.53,0.7981,3.38,60.0,50.55,0.724,1.00,35.2,27.6,95.1,90.4,0,ba2f3327-f04f27a6-108632,1,20.5,OK
21:41:32,corner,DynamicABS,DynamicABS1.pc,double,2,60,-0.05,1.0,0.75,1788669706-0049,35.4158,116.19,1.0339,2.69,60.0,36.48,1.004,0.70,23.6,17.1,52.3,100.0,0,ba2f3327-f04f27a6-108632,1,20.4,OK
21:41:53,corner,DynamicABS,DynamicABS1.pc,double,2,60,-0.1,0.5,0.75,1788669727-0050,37.0799,121.65,0.9876,2.70,60.0,37.88,0.967,0.38,11.8,6.0,59.5,99.5,0,ba2f3327-f04f27a6-108632,1,20.8,OK
21:42:14,corner,DynamicABS,DynamicABS1.pc,double,2,60,-0.15,1.0,0.75,1788669748-0051,41.8977,137.46,0.8740,3.09,60.0,43.65,0.839,0.78,25.9,18.4,85.4,94.2,0,ba2f3327-f04f27a6-108632,1,19.7,OK
21:42:33,corner,DynamicABS,DynamicABS1.pc,double,2,60,-0.2,0.05,0.75,1788669767-0052,40.0485,131.39,0.9143,2.71,60.0,40.37,0.907,0.10,3.0,1.2,32.2,96.1,0,ba2f3327-f04f27a6-108632,1,20.6,OK
21:42:54,corner,DynamicABS,DynamicABS1.pc,double,2,60,-0.25,0.75,0.75,1788669788-0053,46.4512,152.40,0.7883,3.94,60.0,52.79,0.694,0.65,21.1,10.9,141.0,89.9,0,ba2f3327-f04f27a6-108632,1,20.4,OK
21:43:14,corner,DynamicABS,DynamicABS1.pc,double,2,60,-0.5,0.2,0.75,1788669808-0054,45.1186,148.03,0.8116,3.03,60.0,45.88,0.798,0.28,8.9,4.6,65.7,91.1,0,ba2f3327-f04f27a6-108632,1,20.2,OK
21:43:34,corner,DynamicABS,DynamicABS1.pc,double,2,60,-0.75,1.0,0.75,1788669829-0055,49.1938,161.40,0.7444,3.50,60.0,52.09,0.703,0.94,31.8,24.2,100.3,87.6,0,ba2f3327-f04f27a6-108632,1,20.7,OK
21:43:55,corner,DynamicABS,DynamicABS1.pc,double,2,60,-1.0,0.05,0.75,1788669849-0056,41.4727,136.07,0.8829,2.73,60.0,41.68,0.878,0.32,12.1,10.7,25.9,91.6,0,ba2f3327-f04f27a6-108632,1,20.7,OK
21:44:16,corner,DynamicABS,DynamicABS1.pc,double,2,60,-0.05,0.1,0.8,1788669870-0057,32.6982,107.28,1.1199,2.33,60.0,32.72,1.119,0.08,2.5,1.2,11.3,100.0,0,ba2f3327-f04f27a6-108632,1,19.6,OK
21:44:35,corner,DynamicABS,DynamicABS1.pc,double,2,60,-0.1,0.15,0.8,1788669889-0058,34.5280,113.28,1.0605,2.44,60.0,34.64,1.057,0.13,4.0,1.3,30.4,100.0,0,ba2f3327-f04f27a6-108632,1,19.6,OK
21:44:55,corner,DynamicABS,DynamicABS1.pc,double,2,60,-0.15,0.05,0.8,1788669909-0059,36.4318,119.53,1.0051,2.51,60.0,36.62,1.000,0.08,2.5,1.0,25.6,100.0,0,ba2f3327-f04f27a6-108632,1,19.7,OK
21:45:14,corner,DynamicABS,DynamicABS1.pc,double,2,60,-0.2,1.0,0.8,1788669929-0060,43.7839,143.65,0.8363,3.27,60.0,46.16,0.793,0.80,26.9,18.6,100.2,92.3,0,ba2f3327-f04f27a6-108632,1,20.4,OK
21:45:35,corner,DynamicABS,DynamicABS1.pc,double,2,60,-0.25,0.75,0.8,1788669950-0061,45.8803,150.53,0.7981,3.80,60.0,51.32,0.714,0.64,20.9,11.1,133.6,90.4,0,ba2f3327-f04f27a6-108632,1,21.3,OK
21:45:56,corner,DynamicABS,DynamicABS1.pc,double,2,60,-0.5,0.75,0.8,1788669971-0062,49.2061,161.44,0.7442,3.96,60.0,55.46,0.660,0.70,22.8,13.6,134.5,87.6,0,ba2f3327-f04f27a6-108632,1,21.1,OK
21:46:17,corner,DynamicABS,DynamicABS1.pc,double,2,60,-0.75,0.15,0.8,1788669992-0063,43.4463,142.54,0.8428,2.86,60.0,43.81,0.836,0.31,10.6,7.5,49.3,91.7,0,ba2f3327-f04f27a6-108632,1,21.7,OK
21:46:39,corner,DynamicABS,DynamicABS1.pc,double,2,60,-1.0,0.75,0.8,1788670014-0064,47.2538,155.03,0.7749,3.46,60.0,50.42,0.726,0.81,26.9,19.1,101.0,89.2,0,ba2f3327-f04f27a6-108632,1,21.5,OK
21:47:00,corner,DynamicABS,DynamicABS1.pc,double,2,60,-0.05,0.15,0.85,1788670035-0065,32.8951,107.92,1.1132,2.34,60.0,32.96,1.111,0.11,3.5,1.7,16.0,100.0,0,ba2f3327-f04f27a6-108632,1,20.5,OK
21:47:21,corner,DynamicABS,DynamicABS1.pc,double,2,60,-0.1,1.0,0.85,1788670055-0066,36.2397,118.90,1.0104,2.72,60.0,37.22,0.984,0.72,24.1,17.1,64.7,100.0,0,ba2f3327-f04f27a6-108632,1,20.2,OK
21:47:41,corner,DynamicABS,DynamicABS1.pc,double,2,60,-0.15,0.25,0.85,1788670076-0067,36.3878,119.38,1.0063,2.56,60.0,36.69,0.998,0.22,6.7,2.4,48.3,100.0,0,ba2f3327-f04f27a6-108632,1,21.0,OK
21:48:02,corner,DynamicABS,DynamicABS1.pc,double,2,60,-0.2,1.0,0.85,1788670099-0068,43.1101,141.44,0.8494,3.21,60.0,45.30,0.808,0.80,26.7,18.4,97.7,93.0,0,ba2f3327-f04f27a6-108632,1,22.2,OK
21:48:24,corner,DynamicABS,DynamicABS1.pc,double,2,60,-0.25,0.15,0.85,1788670119-0069,39.9891,131.20,0.9157,2.69,60.0,40.26,0.910,0.18,5.6,2.4,47.3,96.2,0,ba2f3327-f04f27a6-108632,1,21.8,OK
21:48:46,corner,DynamicABS,DynamicABS1.pc,double,2,60,-0.5,0.2,0.85,1788670140-0070,43.6374,143.17,0.8391,2.91,60.0,44.23,0.828,0.28,9.0,4.8,62.5,92.5,0,ba2f3327-f04f27a6-108632,1,20.4,OK
21:49:06,corner,DynamicABS,DynamicABS1.pc,double,2,60,-0.75,0.1,0.85,1788670160-0071,42.5682,139.66,0.8602,2.78,60.0,42.80,0.856,0.28,9.8,7.5,38.8,91.6,0,ba2f3327-f04f27a6-108632,1,19.0,OK
21:49:25,corner,DynamicABS,DynamicABS1.pc,double,2,60,-1.0,1.0,0.85,1788670179-0072,47.1467,154.68,0.7767,3.39,60.0,49.73,0.736,1.00,34.0,26.3,95.0,89.3,0,ba2f3327-f04f27a6-108632,1,19.7,OK
21:49:45,corner,DynamicABS,DynamicABS1.pc,double,2,60,-0.05,0.15,0.9,1788670199-0073,32.8557,107.79,1.1145,2.33,60.0,32.92,1.112,0.11,3.5,1.7,15.8,100.0,0,ba2f3327-f04f27a6-108632,1,19.1,OK
21:50:04,corner,DynamicABS,DynamicABS1.pc,double,2,60,-0.1,0.15,0.9,1788670217-0074,32.8296,107.71,1.1154,2.33,60.0,32.90,1.113,0.13,4.0,1.7,24.6,100.0,0,ba2f3327-f04f27a6-108632,1,18.8,OK
21:50:23,corner,DynamicABS,DynamicABS1.pc,double,2,60,-0.15,1.0,0.9,1788670236-0075,39.2189,128.67,0.9337,2.93,60.0,40.67,0.900,0.76,25.4,17.6,81.1,97.0,0,ba2f3327-f04f27a6-108632,1,20.0,OK
21:50:43,corner,DynamicABS,DynamicABS1.pc,double,2,60,-0.2,0.05,0.9,1788670256-0076,37.9930,124.65,0.9638,2.58,60.0,38.26,0.957,0.10,3.1,1.3,31.3,98.4,0,ba2f3327-f04f27a6-108632,1,19.1,OK
21:51:02,corner,DynamicABS,DynamicABS1.pc,double,2,60,-0.25,0.05,0.9,1788670275-0077,40.1584,131.75,0.9118,2.68,60.0,40.46,0.905,0.11,3.5,1.7,36.6,96.0,0,ba2f3327-f04f27a6-108632,1,20.1,OK
21:51:22,corner,DynamicABS,DynamicABS1.pc,double,2,60,-0.5,0.2,0.9,1788670296-0078,42.9282,140.84,0.8530,2.85,60.0,43.44,0.843,0.28,9.1,4.9,60.3,93.2,0,ba2f3327-f04f27a6-108632,1,21.1,OK
21:51:43,corner,DynamicABS,DynamicABS1.pc,double,2,60,-0.75,0.2,0.9,1788670317-0079,43.1164,141.46,0.8493,2.86,60.0,43.64,0.839,0.35,11.7,7.7,57.4,93.0,0,ba2f3327-f04f27a6-108632,1,19.7,OK
21:52:02,corner,DynamicABS,DynamicABS1.pc,double,2,60,-1.0,0.15,0.9,1788670337-0080,41.3343,135.61,0.8859,2.73,60.0,41.60,0.880,0.39,14.2,11.1,43.5,94.8,0,ba2f3327-f04f27a6-108632,1,19.9,OK
21:52:22,corner,DynamicABS,DynamicABS1.pc,double,2,60,-0.05,0.05,0.95,1788670356-0081,32.7763,107.53,1.1172,2.31,60.0,32.78,1.117,0.05,1.6,0.9,7.3,100.0,0,ba2f3327-f04f27a6-108632,1,19.7,OK
21:52:42,corner,DynamicABS,DynamicABS1.pc,double,2,60,-0.1,0.05,0.95,1788670376-0082,32.3708,106.20,1.1312,2.29,60.0,32.46,1.128,0.07,2.1,1.0,16.4,100.0,0,ba2f3327-f04f27a6-108632,1,19.3,OK
21:53:01,corner,DynamicABS,DynamicABS1.pc,double,2,60,-0.15,0.05,0.95,1788670395-0083,34.5701,113.42,1.0592,2.39,60.0,34.74,1.054,0.08,2.6,1.2,22.3,100.0,0,ba2f3327-f04f27a6-108632,1,19.1,OK
21:53:20,corner,DynamicABS,DynamicABS1.pc,double,2,60,-0.2,0.2,0.95,1788670414-0084,36.5685,119.98,1.0014,2.52,60.0,36.79,0.995,0.20,6.2,2.4,46.1,100.0,0,ba2f3327-f04f27a6-108632,1,19.8,OK
21:53:40,corner,DynamicABS,DynamicABS1.pc,double,2,60,-0.25,0.25,0.95,1788670434-0085,39.3365,129.06,0.9309,2.69,60.0,39.76,0.921,0.25,7.7,3.1,59.4,96.9,0,ba2f3327-f04f27a6-108632,1,20.2,OK
21:54:00,corner,DynamicABS,DynamicABS1.pc,double,2,60,-0.5,0.1,0.95,1788670454-0086,42.1085,138.15,0.8696,2.75,60.0,42.39,0.864,0.21,7.1,4.6,41.3,93.3,0,ba2f3327-f04f27a6-108632,1,19.4,OK
21:54:19,corner,DynamicABS,DynamicABS1.pc,double,2,60,-0.75,0.05,0.95,1788670473-0087,41.8343,137.25,0.8753,2.72,60.0,42.11,0.870,0.25,8.9,7.3,31.1,91.9,0,ba2f3327-f04f27a6-108632,1,20.4,OK
21:54:40,corner,DynamicABS,DynamicABS1.pc,double,2,60,-1.0,1.0,0.95,1788670494-0088,46.3397,152.03,0.7902,3.36,60.0,48.90,0.749,1.00,33.9,26.0,95.7,90.0,0,ba2f3327-f04f27a6-108632,1,19.8,OK
21:55:00,corner,DynamicABS,DynamicABS1.pc,double,2,60,-0.05,0.25,1.0,1788670513-0089,33.3900,109.55,1.0967,2.38,60.0,33.59,1.090,0.18,5.5,2.5,24.9,100.0,0,ba2f3327-f04f27a6-108632,1,19.0,OK
21:55:18,corner,DynamicABS,DynamicABS1.pc,double,2,60,-0.1,0.1,1.0,1788670532-0090,32.2837,105.92,1.1343,2.29,60.0,32.34,1.132,0.10,3.0,1.4,19.4,100.0,0,ba2f3327-f04f27a6-108632,1,19.9,OK
21:55:38,corner,DynamicABS,DynamicABS1.pc,double,2,60,-0.15,0.5,1.0,1788670552-0091,36.1959,118.75,1.0117,2.61,60.0,36.80,0.995,0.39,12.0,5.8,63.6,100.0,0,ba2f3327-f04f27a6-108632,1,19.0,OK
21:55:57,corner,DynamicABS,DynamicABS1.pc,double,2,60,-0.2,0.25,1.0,1788670571-0092,37.1067,121.74,0.9868,2.57,60.0,37.41,0.979,0.23,7.2,2.8,52.7,99.5,0,ba2f3327-f04f27a6-108632,1,20.2,OK
21:56:17,corner,DynamicABS,DynamicABS1.pc,double,2,60,-0.25,0.2,1.0,1788670591-0093,38.7070,126.99,0.9460,2.63,60.0,39.01,0.939,0.22,6.7,2.6,53.5,97.6,0,ba2f3327-f04f27a6-108632,1,18.9,OK
21:56:36,corner,DynamicABS,DynamicABS1.pc,double,2,60,-0.5,0.75,1.0,1788670610-0094,46.8351,153.66,0.7819,4.10,60.0,54.30,0.674,0.70,22.9,12.3,147.9,89.6,0,ba2f3327-f04f27a6-108632,1,20.2,OK
21:56:56,corner,DynamicABS,DynamicABS1.pc,double,2,60,-0.75,0.5,1.0,1788670631-0095,46.7661,153.43,0.7830,3.65,60.0,50.68,0.723,0.55,17.9,10.1,109.3,89.6,0,ba2f3327-f04f27a6-108632,1,20.1,OK
21:57:17,corner,DynamicABS,DynamicABS1.pc,double,2,60,-1.0,0.1,1.0,1788670651-0096,40.4023,132.55,0.9063,2.65,60.0,40.59,0.902,0.36,13.4,11.2,34.6,95.6,0,ba2f3327-f04f27a6-108632,1,20.5,OK
21:58:03,corner,StockABS,StockABS1.pc,single,2,60,-0.05,0.0,0.75,1788670696-0001,33.8455,111.04,1.0819,2.43,60.0,33.92,1.080,0.05,1.5,0.5,12.1,100.0,0,,0,18.7,OK
21:58:21,corner,StockABS,StockABS1.pc,single,2,60,-0.1,0.0,0.75,1788670716-0002,36.0692,118.34,1.0152,2.55,60.0,36.42,1.006,0.10,3.1,1.1,25.7,100.0,0,,0,19.1,OK
21:58:40,corner,StockABS,StockABS1.pc,single,2,60,-0.15,0.0,0.75,1788670734-0003,40.6553,133.38,0.9007,2.82,60.0,41.81,0.876,0.15,4.6,1.6,44.1,95.5,0,,0,18.5,OK
21:58:59,corner,StockABS,StockABS1.pc,single,2,60,-0.2,0.0,0.75,1788670753-0004,47.3852,155.46,0.7728,3.48,60.0,51.74,0.708,0.20,6.2,1.9,78.9,89.1,0,,0,19.4,OK
21:59:18,corner,StockABS,StockABS1.pc,single,2,60,-0.25,0.0,0.75,1788670773-0005,49.4069,162.10,0.7412,3.74,60.0,55.67,0.658,0.25,7.8,2.8,93.5,87.4,0,,0,19.6,OK
21:59:38,corner,StockABS,StockABS1.pc,single,2,60,-0.5,0.0,0.75,1788670792-0006,47.6517,156.34,0.7684,3.57,60.0,53.60,0.683,0.50,16.3,10.2,97.8,88.9,0,,0,19.9,OK
21:59:58,corner,StockABS,StockABS1.pc,single,2,60,-0.75,0.0,0.75,1788670812-0007,47.9313,157.25,0.7640,3.54,60.0,53.06,0.690,0.75,25.3,19.1,92.0,88.6,0,,0,19.2,OK
22:00:17,corner,StockABS,StockABS1.pc,single,2,60,-1.0,0.0,0.75,1788670831-0008,48.6020,159.46,0.7534,3.55,60.0,53.12,0.689,1.00,35.4,29.3,87.4,87.7,0,,0,19.1,OK
22:00:36,corner,StockABS,StockABS1.pc,single,2,60,-0.05,0.0,0.8,1788670850-0009,33.0256,108.35,1.1088,2.37,60.0,33.08,1.107,0.05,1.5,0.7,10.6,100.0,0,,0,18.5,OK
22:00:55,corner,StockABS,StockABS1.pc,single,2,60,-0.1,0.0,0.8,1788670869-0010,35.5284,116.56,1.0307,2.51,60.0,35.83,1.022,0.10,3.1,1.2,24.3,100.0,0,,0,18.3,OK
22:01:13,corner,StockABS,StockABS1.pc,single,2,60,-0.15,0.0,0.8,1788670889-0011,40.5349,132.99,0.9034,2.81,60.0,41.65,0.879,0.15,4.6,1.8,43.1,95.6,0,,0,21.6,OK
22:01:35,corner,StockABS,StockABS1.pc,single,2,60,-0.2,0.0,0.8,1788670910-0012,44.5648,146.21,0.8217,3.15,60.0,47.29,0.774,0.20,6.2,2.3,64.6,91.6,0,,0,20.4,OK
22:01:55,corner,StockABS,StockABS1.pc,single,2,60,-0.25,0.0,0.8,1788670931-0013,49.1960,161.40,0.7443,3.83,60.0,56.58,0.647,0.25,7.8,2.6,101.9,87.6,0,,0,21.0,OK
22:02:16,corner,StockABS,StockABS1.pc,single,2,60,-0.5,0.0,0.8,1788670951-0014,46.9490,154.03,0.7800,3.50,60.0,52.42,0.699,0.50,16.3,10.2,94.6,89.5,0,,0,20.0,OK
22:02:36,corner,StockABS,StockABS1.pc,single,2,60,-0.75,0.0,0.8,1788670971-0015,47.6378,156.29,0.7687,3.50,60.0,52.58,0.696,0.75,25.3,19.3,89.9,88.9,0,,0,20.3,OK
22:02:56,corner,StockABS,StockABS1.pc,single,2,60,-1.0,0.0,0.8,1788670991-0016,48.7230,159.85,0.7516,3.56,60.0,53.37,0.686,1.00,35.4,29.4,88.0,87.8,0,,0,19.3,OK
22:03:16,corner,StockABS,StockABS1.pc,single,2,60,-0.05,0.0,0.85,1788671010-0017,32.3270,106.06,1.1327,2.32,60.0,32.37,1.131,0.05,1.6,0.8,9.5,100.0,0,,0,19.5,OK
22:03:35,corner,StockABS,StockABS1.pc,single,2,60,-0.1,0.0,0.85,1788671029-0018,34.8986,114.50,1.0493,2.46,60.0,35.16,1.041,0.10,3.1,1.3,22.6,100.0,0,,0,18.3,OK
22:03:53,corner,StockABS,StockABS1.pc,single,2,60,-0.15,0.0,0.85,1788671048-0019,39.5867,129.88,0.9250,2.75,60.0,40.59,0.902,0.15,4.6,1.7,41.5,96.6,0,,0,20.2,OK
22:04:13,corner,StockABS,StockABS1.pc,single,2,60,-0.2,0.0,0.85,1788671067-0020,44.4456,145.82,0.8239,3.14,60.0,47.17,0.776,0.20,6.2,2.2,64.8,91.7,0,,0,18.9,OK
22:04:32,corner,StockABS,StockABS1.pc,single,2,60,-0.25,0.0,0.85,1788671086-0021,47.1453,154.68,0.7767,3.42,60.0,51.54,0.711,0.25,7.8,3.2,80.5,89.3,0,,0,18.2,OK
22:04:51,corner,StockABS,StockABS1.pc,single,2,60,-0.5,0.0,0.85,1788671104-0022,47.2791,155.12,0.7745,3.48,60.0,52.57,0.697,0.50,16.3,10.5,92.2,89.2,0,,0,19.0,OK
22:05:10,corner,StockABS,StockABS1.pc,single,2,60,-0.75,0.0,0.85,1788671123-0023,47.3007,155.19,0.7742,3.43,60.0,51.71,0.708,0.75,25.3,19.5,85.8,89.2,0,,0,18.1,OK
22:05:28,corner,StockABS,StockABS1.pc,single,2,60,-1.0,0.0,0.85,1788671141-0024,48.5409,159.25,0.7544,3.53,60.0,53.02,0.691,1.00,35.3,29.4,86.7,88.1,0,,0,17.8,OK
22:05:46,corner,StockABS,StockABS1.pc,single,2,60,-0.05,0.0,0.9,1788671159-0025,32.0295,105.08,1.1433,2.31,60.0,32.07,1.142,0.05,1.6,0.8,9.0,100.0,0,,0,17.3,OK
22:06:03,corner,StockABS,StockABS1.pc,single,2,60,-0.1,0.0,0.9,1788671176-0026,34.0707,111.78,1.0748,2.41,60.0,34.28,1.068,0.10,3.1,1.4,20.7,100.0,0,,0,18.3,OK
22:06:21,corner,StockABS,StockABS1.pc,single,2,60,-0.15,0.0,0.9,1788671195-0027,38.1937,125.31,0.9588,2.65,60.0,39.00,0.939,0.15,4.6,1.9,37.7,98.2,0,,0,18.8,OK
22:06:40,corner,StockABS,StockABS1.pc,single,2,60,-0.2,0.0,0.9,1788671214-0028,42.1175,138.18,0.8694,2.93,60.0,43.95,0.833,0.20,6.2,2.6,54.8,94.0,0,,0,18.5,OK
22:06:59,corner,StockABS,StockABS1.pc,single,2,60,-0.25,0.0,0.9,1788671232-0029,45.5432,149.42,0.8040,3.26,60.0,49.07,0.746,0.25,7.8,3.3,73.8,90.7,0,,0,17.9,OK
22:07:17,corner,StockABS,StockABS1.pc,single,2,60,-0.5,0.0,0.9,1788671250-0030,46.1020,151.25,0.7943,3.39,60.0,50.85,0.720,0.50,16.3,10.5,88.9,90.2,0,,0,19.0,OK
22:07:36,corner,StockABS,StockABS1.pc,single,2,60,-0.75,0.0,0.9,1788671269-0031,47.1305,154.63,0.7769,3.43,60.0,51.63,0.709,0.75,25.2,19.3,86.9,89.3,0,,0,17.8,OK
22:07:54,corner,StockABS,StockABS1.pc,single,2,60,-1.0,0.0,0.9,1788671287-0032,48.5194,159.18,0.7547,3.52,60.0,52.99,0.691,1.00,35.3,29.3,86.9,88.1,0,,0,17.9,OK
22:08:12,corner,StockABS,StockABS1.pc,single,2,60,-0.05,0.0,0.95,1788671305-0033,32.0593,105.18,1.1422,2.30,60.0,32.09,1.141,0.05,1.5,0.7,9.0,100.0,0,,0,17.5,OK
22:08:29,corner,StockABS,StockABS1.pc,single,2,60,-0.1,0.0,0.95,1788671322-0034,33.5086,109.94,1.0928,2.37,60.0,33.69,1.087,0.10,3.1,1.5,19.3,100.0,0,,0,18.6,OK
22:08:48,corner,StockABS,StockABS1.pc,single,2,60,-0.15,0.0,0.95,1788671341-0035,38.0108,124.71,0.9634,2.63,60.0,38.74,0.945,0.15,4.6,1.9,36.7,98.4,0,,0,18.5,OK
22:09:06,corner,StockABS,StockABS1.pc,single,2,60,-0.2,0.0,0.95,1788671360-0036,43.1940,141.71,0.8478,3.03,60.0,45.52,0.804,0.20,6.2,2.4,60.6,92.9,0,,0,18.4,OK
22:09:25,corner,StockABS,StockABS1.pc,single,2,60,-0.25,0.0,0.95,1788671378-0037,46.0102,150.95,0.7959,3.28,60.0,49.66,0.737,0.25,7.8,3.3,74.7,90.3,0,,0,17.9,OK
22:09:43,corner,StockABS,StockABS1.pc,single,2,60,-0.5,0.0,0.95,1788671396-0038,45.0276,147.73,0.8132,3.26,60.0,49.01,0.747,0.50,16.3,10.6,82.3,91.2,0,,0,18.1,OK
22:10:01,corner,StockABS,StockABS1.pc,single,2,60,-0.75,0.0,0.95,1788671414-0039,47.0629,154.41,0.7781,3.39,60.0,51.32,0.714,0.75,25.3,19.4,84.9,89.4,0,,0,17.6,OK
22:10:18,corner,StockABS,StockABS1.pc,single,2,60,-1.0,0.0,0.95,1788671432-0040,48.4880,159.08,0.7552,3.53,60.0,53.02,0.691,1.00,35.3,29.3,87.3,87.8,0,,0,18.5,OK
22:10:37,corner,StockABS,StockABS1.pc,single,2,60,-0.05,0.0,1.0,1788671451-0041,31.6927,103.98,1.1554,2.27,60.0,31.73,1.154,0.05,1.6,0.7,8.8,100.0,0,,0,17.9,OK
22:10:55,corner,StockABS,StockABS1.pc,single,2,60,-0.1,0.0,1.0,1788671469-0042,33.2371,109.05,1.1017,2.36,60.0,33.40,1.096,0.10,3.1,1.4,18.9,100.0,0,,0,18.1,OK
22:11:13,corner,StockABS,StockABS1.pc,single,2,60,-0.15,0.0,1.0,1788671487-0043,37.0628,121.60,0.9880,2.59,60.0,37.74,0.970,0.15,4.6,1.9,35.8,99.5,0,,0,19.5,OK
22:11:33,corner,StockABS,StockABS1.pc,single,2,60,-0.2,0.0,1.0,1788671507-0044,41.6625,136.69,0.8789,2.89,60.0,43.44,0.843,0.20,6.2,2.5,54.6,94.4,0,,0,20.0,OK
22:11:53,corner,StockABS,StockABS1.pc,single,2,60,-0.25,0.0,1.0,1788671527-0045,43.5494,142.88,0.8408,3.07,60.0,46.22,0.792,0.25,7.8,3.5,66.1,92.6,0,,0,19.8,OK
22:12:12,corner,StockABS,StockABS1.pc,single,2,60,-0.5,0.0,1.0,1788671548-0046,45.1221,148.04,0.8115,3.24,60.0,48.88,0.749,0.50,16.2,10.6,80.8,91.1,0,,0,20.4,OK
22:12:33,corner,StockABS,StockABS1.pc,single,2,60,-0.75,0.0,1.0,1788671567-0047,46.7457,153.37,0.7834,3.38,60.0,50.92,0.719,0.75,25.2,19.4,84.1,89.6,0,,0,19.2,OK
22:12:52,corner,StockABS,StockABS1.pc,single,2,60,-1.0,0.0,1.0,1788671587-0048,48.3411,158.60,0.7575,3.48,60.0,52.57,0.697,1.00,35.3,29.5,84.4,87.9,0,,0,21.0,OK
22:13:13,corner,StockABS,StockABS1.pc,double,2,60,-0.05,1.0,0.75,1788671609-0049,38.1881,125.29,0.9589,2.92,60.0,39.51,0.927,0.72,24.4,18.7,57.6,98.2,0,,0,21.3,OK
22:13:34,corner,StockABS,StockABS1.pc,double,2,60,-0.1,0.5,0.75,1788671630-0050,39.6779,130.18,0.9229,2.93,60.0,40.93,0.895,0.38,12.1,6.6,64.4,96.5,0,,0,21.0,OK
22:13:55,corner,StockABS,StockABS1.pc,double,2,60,-0.15,1.0,0.75,1788671653-0051,45.7392,150.06,0.8006,3.32,60.0,47.70,0.768,0.79,26.6,20.6,82.5,90.3,0,,0,23.2,OK
22:14:18,corner,StockABS,StockABS1.pc,double,2,60,-0.2,0.05,0.75,1788671674-0052,41.6269,136.57,0.8797,2.80,60.0,42.01,0.872,0.09,3.0,1.3,32.5,92.5,0,,0,21.5,OK
22:14:40,corner,StockABS,StockABS1.pc,double,2,60,-0.25,0.75,0.75,1788671696-0053,46.7689,153.44,0.7830,3.12,60.0,47.52,0.771,0.62,20.0,16.5,70.8,88.4,0,,0,22.4,OK
22:15:02,corner,StockABS,StockABS1.pc,double,2,60,-0.5,0.2,0.75,1788671722-0054,44.4711,145.90,0.8234,3.03,60.0,45.16,0.811,0.28,8.9,5.1,59.7,90.5,0,,0,25.3,OK
22:15:27,corner,StockABS,StockABS1.pc,double,2,60,-0.75,1.0,0.75,1788671745-0055,48.7104,159.81,0.7517,3.48,60.0,51.05,0.717,0.94,31.8,25.9,85.4,85.6,0,,0,22.7,OK
22:15:50,corner,StockABS,StockABS1.pc,double,2,60,-1.0,0.05,0.75,1788671767-0056,41.7099,136.84,0.8779,2.77,60.0,41.89,0.874,0.32,12.1,10.7,25.6,90.7,0,,0,22.0,OK
22:16:12,corner,StockABS,StockABS1.pc,double,2,60,-0.05,0.1,0.8,1788671786-0057,33.4539,109.76,1.0946,2.40,60.0,33.49,1.094,0.08,2.5,1.1,15.2,100.0,0,,0,18.8,OK
22:16:31,corner,StockABS,StockABS1.pc,double,2,60,-0.1,0.15,0.8,1788671805-0058,35.4991,116.47,1.0315,2.52,60.0,35.61,1.028,0.13,4.1,1.7,28.1,100.0,0,,0,18.6,OK
22:16:50,corner,StockABS,StockABS1.pc,double,2,60,-0.15,0.05,0.8,1788671823-0059,37.9049,124.36,0.9661,2.59,60.0,38.11,0.961,0.08,2.6,1.2,24.6,98.5,0,,0,18.1,OK
22:17:08,corner,StockABS,StockABS1.pc,double,2,60,-0.2,1.0,0.8,1788671841-0060,47.8940,157.13,0.7646,3.43,60.0,50.12,0.731,0.81,27.2,21.0,92.9,88.3,0,,0,18.3,OK
22:17:26,corner,StockABS,StockABS1.pc,double,2,60,-0.25,0.75,0.8,1788671860-0061,46.1598,151.44,0.7933,3.11,60.0,47.01,0.779,0.62,20.0,16.3,72.0,89.5,0,,0,19.7,OK
22:17:46,corner,StockABS,StockABS1.pc,double,2,60,-0.5,0.75,0.8,1788671880-0062,47.8955,157.14,0.7645,3.40,60.0,50.23,0.729,0.69,22.4,16.3,88.7,88.7,0,,0,18.8,OK
22:18:05,corner,StockABS,StockABS1.pc,double,2,60,-0.75,0.15,0.8,1788671899-0063,42.0132,137.84,0.8716,2.81,60.0,42.26,0.867,0.32,10.9,8.2,40.6,92.5,0,,0,20.4,OK
22:18:25,corner,StockABS,StockABS1.pc,double,2,60,-1.0,0.75,0.8,1788671920-0064,48.0174,157.54,0.7626,3.37,60.0,50.17,0.730,0.81,27.1,21.3,82.7,87.1,0,,0,19.9,OK
22:18:45,corner,StockABS,StockABS1.pc,double,2,60,-0.05,0.15,0.85,1788671940-0065,32.6149,107.00,1.1227,2.36,60.0,32.67,1.121,0.11,3.5,1.6,17.8,100.0,0,,0,19.3,OK
22:19:04,corner,StockABS,StockABS1.pc,double,2,60,-0.1,1.0,0.85,1788671958-0066,39.4583,129.46,0.9280,2.92,60.0,40.62,0.901,0.74,24.9,19.2,62.3,96.8,0,,0,19.5,OK
22:19:24,corner,StockABS,StockABS1.pc,double,2,60,-0.15,0.25,0.85,1788671979-0067,39.7118,130.29,0.9221,2.78,60.0,40.22,0.910,0.22,6.8,2.8,52.4,96.5,0,,0,19.4,OK
22:19:43,corner,StockABS,StockABS1.pc,double,2,60,-0.2,1.0,0.85,1788671999-0068,46.7217,153.29,0.7838,3.36,60.0,48.68,0.752,0.80,26.5,20.2,89.7,89.6,0,,0,22.1,OK
22:20:05,corner,StockABS,StockABS1.pc,double,2,60,-0.25,0.15,0.85,1788672023-0069,42.7211,140.16,0.8571,2.86,60.0,43.04,0.851,0.18,5.7,2.7,48.4,91.7,0,,0,22.6,OK
22:20:28,corner,StockABS,StockABS1.pc,double,2,60,-0.5,0.2,0.85,1788672044-0070,42.5621,139.64,0.8604,2.86,60.0,42.99,0.852,0.29,9.2,5.7,51.1,92.9,0,,0,21.5,OK
22:20:49,corner,StockABS,StockABS1.pc,double,2,60,-0.75,0.1,0.85,1788672067-0071,41.2011,135.17,0.8888,2.74,60.0,41.37,0.885,0.29,10.1,8.2,31.3,92.7,0,,0,21.9,OK
22:21:11,corner,StockABS,StockABS1.pc,double,2,60,-1.0,1.0,0.85,1788672086-0072,48.6398,159.58,0.7528,3.44,60.0,50.86,0.720,1.00,34.1,28.3,83.8,85.1,0,,0,20.9,OK
22:21:32,corner,StockABS,StockABS1.pc,double,2,60,-0.05,0.15,0.9,1788672106-0073,32.4186,106.36,1.1295,2.34,60.0,32.46,1.128,0.11,3.5,1.8,15.6,100.0,0,,0,19.6,OK
22:21:51,corner,StockABS,StockABS1.pc,double,2,60,-0.1,0.15,0.9,1788672125-0074,34.6451,113.67,1.0570,2.44,60.0,34.72,1.055,0.13,4.1,1.9,24.5,100.0,0,,0,17.7,OK
22:22:09,corner,StockABS,StockABS1.pc,double,2,60,-0.15,1.0,0.9,1788672143-0075,43.7334,143.48,0.8373,3.18,60.0,45.43,0.806,0.78,26.2,20.2,77.6,92.4,0,,0,18.2,OK
22:22:27,corner,StockABS,StockABS1.pc,double,2,60,-0.2,0.05,0.9,1788672162-0076,40.4810,132.81,0.9046,2.72,60.0,40.86,0.896,0.10,3.1,1.5,31.1,95.0,0,,0,19.1,OK
22:22:47,corner,StockABS,StockABS1.pc,double,2,60,-0.25,0.05,0.9,1788672181-0077,41.9362,137.59,0.8732,2.81,60.0,42.41,0.863,0.11,3.6,2.0,33.6,92.4,0,,0,20.4,OK
22:23:07,corner,StockABS,StockABS1.pc,double,2,60,-0.5,0.2,0.9,1788672202-0078,42.5656,139.65,0.8603,2.87,60.0,43.03,0.851,0.28,9.1,5.6,52.1,92.9,0,,0,22.9,OK
22:23:30,corner,StockABS,StockABS1.pc,double,2,60,-0.75,0.2,0.9,1788672225-0079,42.3462,138.93,0.8647,2.85,60.0,42.74,0.857,0.35,11.9,8.6,47.6,93.0,0,,0,20.8,OK
22:23:51,corner,StockABS,StockABS1.pc,double,2,60,-1.0,0.15,0.9,1788672246-0080,41.5329,136.26,0.8817,2.75,60.0,41.73,0.878,0.39,14.2,11.8,36.8,92.5,0,,0,21.0,OK
22:24:11,corner,StockABS,StockABS1.pc,double,2,60,-0.05,0.05,0.95,1788672267-0081,31.8562,104.52,1.1495,2.29,60.0,31.87,1.149,0.05,1.5,0.9,8.0,100.0,0,,0,20.2,OK
22:24:32,corner,StockABS,StockABS1.pc,double,2,60,-0.1,0.05,0.95,1788672286-0082,33.5151,109.96,1.0926,2.36,60.0,33.57,1.091,0.07,2.1,1.1,14.6,100.0,0,,0,19.6,OK
22:24:51,corner,StockABS,StockABS1.pc,double,2,60,-0.15,0.05,0.95,1788672307-0083,36.5538,119.93,1.0018,2.50,60.0,36.71,0.998,0.08,2.6,1.2,22.2,100.0,0,,0,21.7,OK
22:25:13,corner,StockABS,StockABS1.pc,double,2,60,-0.2,0.2,0.95,1788672329-0084,40.2954,132.20,0.9087,2.74,60.0,40.61,0.902,0.20,6.2,2.7,48.8,95.8,0,,0,21.8,OK
22:25:35,corner,StockABS,StockABS1.pc,double,2,60,-0.25,0.25,0.95,1788672351-0085,42.2447,138.60,0.8668,2.88,60.0,42.83,0.855,0.25,7.8,3.6,61.4,93.8,0,,0,22.9,OK
22:25:57,corner,StockABS,StockABS1.pc,double,2,60,-0.5,0.1,0.95,1788672374-0086,39.8189,130.64,0.9196,2.66,60.0,40.00,0.916,0.22,7.3,5.4,31.0,96.0,0,,0,21.1,OK
22:26:19,corner,StockABS,StockABS1.pc,double,2,60,-0.75,0.05,0.95,1788672394-0087,40.1932,131.87,0.9111,2.66,60.0,40.38,0.907,0.26,9.2,7.9,24.4,94.0,0,,0,19.9,OK
22:26:38,corner,StockABS,StockABS1.pc,double,2,60,-1.0,1.0,0.95,1788672414-0088,48.1438,157.95,0.7606,3.38,60.0,50.15,0.730,1.00,34.0,28.3,81.1,86.0,0,,0,22.7,OK
22:27:01,corner,StockABS,StockABS1.pc,double,2,60,-0.05,0.25,1.0,1788672439-0089,32.1695,105.54,1.1383,2.34,60.0,32.29,1.134,0.18,5.5,2.9,22.1,100.0,0,,0,24.1,OK
22:27:25,corner,StockABS,StockABS1.pc,double,2,60,-0.1,0.1,1.0,1788672463-0090,33.4609,109.78,1.0944,2.36,60.0,33.51,1.093,0.10,3.1,1.6,18.1,100.0,0,,0,23.3,OK
22:27:48,corner,StockABS,StockABS1.pc,double,2,60,-0.15,0.5,1.0,1788672487-0091,40.3348,132.33,0.9079,2.89,60.0,41.37,0.885,0.40,12.5,7.2,65.3,95.8,0,,0,25.3,OK
22:28:14,corner,StockABS,StockABS1.pc,double,2,60,-0.2,0.25,1.0,1788672514-0092,41.4505,135.99,0.8834,2.85,60.0,42.02,0.871,0.24,7.3,3.1,59.3,94.6,0,,0,25.6,OK
22:28:39,corner,StockABS,StockABS1.pc,double,2,60,-0.25,0.2,1.0,1788672539-0093,41.4760,136.08,0.8829,2.80,60.0,41.82,0.876,0.21,6.7,3.1,52.9,94.6,0,,0,26.3,OK
22:29:06,corner,StockABS,StockABS1.pc,double,2,60,-0.5,0.75,1.0,1788672568-0094,46.4859,152.51,0.7877,3.31,60.0,48.69,0.752,0.69,22.3,16.1,85.8,89.9,0,,0,29.9,OK
22:29:35,corner,StockABS,StockABS1.pc,double,2,60,-0.75,0.5,1.0,1788672599-0095,45.6894,149.90,0.8015,3.21,60.0,47.58,0.770,0.56,18.3,12.6,79.7,90.6,0,,0,30.5,OK
22:30:06,corner,StockABS,StockABS1.pc,double,2,60,-1.0,0.1,1.0,1788672627-0096,40.7037,133.54,0.8996,2.68,60.0,40.86,0.896,0.37,13.5,11.8,29.0,93.5,0,,0,26.8,OK
22:31:01,corner,StockABS_TC_ESC,StockABSTCESC1.pc,single,2,60,-0.05,0.0,0.75,1788672678-0001,33.8870,111.18,1.0806,2.42,60.0,33.96,1.078,0.05,1.5,0.6,11.9,100.0,0,,0,22.6,OK
22:31:23,corner,StockABS_TC_ESC,StockABSTCESC1.pc,single,2,60,-0.1,0.0,0.75,1788672701-0002,36.2778,119.02,1.0094,2.55,60.0,36.63,1.000,0.10,3.1,1.1,26.1,100.0,0,,0,23.3,OK
22:31:46,corner,StockABS_TC_ESC,StockABSTCESC1.pc,single,2,60,-0.15,0.0,0.75,1788672724-0003,41.3258,135.58,0.8861,2.87,60.0,42.58,0.860,0.15,4.6,1.6,45.5,94.8,0,,0,23.7,OK
22:32:10,corner,StockABS_TC_ESC,StockABSTCESC1.pc,single,2,60,-0.2,0.0,0.75,1788672750-0004,46.9337,153.98,0.7802,3.39,60.0,51.00,0.718,0.20,6.2,1.9,76.9,89.5,0,,0,26.1,OK
22:32:36,corner,StockABS_TC_ESC,StockABSTCESC1.pc,single,2,60,-0.25,0.0,0.75,1788672776-0005,49.0781,161.02,0.7461,3.76,60.0,55.94,0.655,0.25,7.8,2.7,98.6,87.7,0,,0,27.4,OK
22:33:03,corner,StockABS_TC_ESC,StockABSTCESC1.pc,single,2,60,-0.5,0.0,0.75,1788672802-0006,48.0548,157.66,0.7620,3.65,60.0,54.58,0.671,0.50,16.3,9.8,102.9,88.5,0,,0,25.5,OK
22:33:29,corner,StockABS_TC_ESC,StockABSTCESC1.pc,single,2,60,-0.75,0.0,0.75,1788672828-0007,47.6221,156.24,0.7689,3.50,60.0,52.52,0.697,0.75,25.3,19.2,90.3,88.9,0,,0,24.8,OK
22:33:54,corner,StockABS_TC_ESC,StockABSTCESC1.pc,single,2,60,-1.0,0.0,0.75,1788672852-0008,49.0079,160.79,0.7472,3.61,60.0,53.99,0.678,1.00,35.4,29.3,91.8,87.5,0,,0,23.8,OK
22:34:17,corner,StockABS_TC_ESC,StockABSTCESC1.pc,single,2,60,-0.05,0.0,0.8,1788672875-0009,33.1822,108.87,1.1035,2.38,60.0,33.24,1.102,0.05,1.5,0.7,10.7,100.0,0,,0,23.9,OK
22:34:41,corner,StockABS_TC_ESC,StockABSTCESC1.pc,single,2,60,-0.1,0.0,0.8,1788672899-0010,35.5097,116.50,1.0312,2.50,60.0,35.80,1.023,0.10,3.1,1.3,23.7,100.0,0,,0,23.1,OK
22:35:04,corner,StockABS_TC_ESC,StockABSTCESC1.pc,single,2,60,-0.15,0.0,0.8,1788672922-0011,39.2190,128.67,0.9337,2.72,60.0,40.16,0.912,0.15,4.6,1.8,40.5,97.0,0,,0,23.5,OK
22:35:28,corner,StockABS_TC_ESC,StockABSTCESC1.pc,single,2,60,-0.2,0.0,0.8,1788672949-0012,45.1920,148.27,0.8103,3.20,60.0,48.27,0.759,0.20,6.2,2.2,68.2,91.0,0,,0,26.5,OK
22:35:54,corner,StockABS_TC_ESC,StockABSTCESC1.pc,single,2,60,-0.25,0.0,0.8,1788672972-0013,48.0177,157.54,0.7626,3.57,60.0,53.39,0.686,0.25,7.8,3.0,88.0,88.6,0,,0,24.2,OK
22:36:19,corner,StockABS_TC_ESC,StockABSTCESC1.pc,single,2,60,-0.5,0.0,0.8,1788672996-0014,47.5590,156.03,0.7700,3.56,60.0,53.39,0.686,0.50,16.3,10.2,96.6,89.0,0,,0,23.9,OK
22:36:42,corner,StockABS_TC_ESC,StockABSTCESC1.pc,single,2,60,-0.75,0.0,0.8,1788673020-0015,47.6008,156.17,0.7693,3.49,60.0,52.54,0.697,0.75,25.3,19.2,90.9,88.9,0,,0,23.4,OK
22:37:06,corner,StockABS_TC_ESC,StockABSTCESC1.pc,single,2,60,-1.0,0.0,0.8,1788673042-0016,48.8193,160.17,0.7501,3.62,60.0,53.90,0.679,1.00,35.4,28.7,94.7,87.9,0,,0,22.5,OK
22:37:28,corner,StockABS_TC_ESC,StockABSTCESC1.pc,single,2,60,-0.05,0.0,0.85,1788673065-0017,32.6643,107.17,1.1210,2.35,60.0,32.71,1.120,0.05,1.6,0.7,10.1,100.0,0,,0,22.0,OK
22:37:50,corner,StockABS_TC_ESC,StockABSTCESC1.pc,single,2,60,-0.1,0.0,0.85,1788673086-0018,34.4569,113.05,1.0627,2.44,60.0,34.70,1.055,0.10,3.1,1.4,21.8,100.0,0,,0,20.4,OK
22:38:11,corner,StockABS_TC_ESC,StockABSTCESC1.pc,single,2,60,-0.15,0.0,0.85,1788673107-0019,39.3080,128.96,0.9316,2.72,60.0,40.23,0.910,0.15,4.6,1.9,39.8,96.9,0,,0,22.1,OK
22:38:33,corner,StockABS_TC_ESC,StockABSTCESC1.pc,single,2,60,-0.2,0.0,0.85,1788673129-0020,44.0074,144.38,0.8321,3.12,60.0,46.66,0.785,0.20,6.2,2.3,64.0,92.1,0,,0,21.7,OK
22:38:54,corner,StockABS_TC_ESC,StockABSTCESC1.pc,single,2,60,-0.25,0.0,0.85,1788673151-0021,46.3373,152.03,0.7903,3.33,60.0,50.32,0.728,0.25,7.8,3.3,77.5,90.0,0,,0,22.7,OK
22:39:17,corner,StockABS_TC_ESC,StockABSTCESC1.pc,single,2,60,-0.5,0.0,0.85,1788673174-0022,46.3218,151.97,0.7905,3.42,60.0,51.19,0.715,0.50,16.2,10.4,89.5,90.0,0,,0,22.7,OK
22:39:40,corner,StockABS_TC_ESC,StockABSTCESC1.pc,single,2,60,-0.75,0.0,0.85,1788673195-0023,47.5245,155.92,0.7705,3.46,60.0,52.22,0.701,0.75,25.3,19.2,88.9,89.0,0,,0,21.3,OK
22:40:01,corner,StockABS_TC_ESC,StockABSTCESC1.pc,single,2,60,-1.0,0.0,0.85,1788673216-0024,48.8013,160.11,0.7503,3.61,60.0,53.80,0.681,1.00,35.4,28.7,94.6,87.9,0,,0,20.8,OK
22:40:22,corner,StockABS_TC_ESC,StockABSTCESC1.pc,single,2,60,-0.05,0.0,0.9,1788673237-0025,32.2628,105.85,1.1350,2.31,60.0,32.30,1.134,0.05,1.6,0.7,9.8,100.0,0,,0,19.7,OK
22:40:41,corner,StockABS_TC_ESC,StockABSTCESC1.pc,single,2,60,-0.1,0.0,0.9,1788673256-0026,33.9190,111.28,1.0796,2.40,60.0,34.12,1.073,0.10,3.1,1.4,20.5,100.0,0,,0,19.7,OK
22:41:01,corner,StockABS_TC_ESC,StockABSTCESC1.pc,single,2,60,-0.15,0.0,0.9,1788673276-0027,37.6551,123.54,0.9725,2.61,60.0,38.38,0.954,0.15,4.6,2.1,36.1,98.8,0,,0,19.7,OK
22:41:21,corner,StockABS_TC_ESC,StockABSTCESC1.pc,single,2,60,-0.2,0.0,0.9,1788673295-0028,44.6196,146.39,0.8207,3.15,60.0,47.35,0.773,0.20,6.2,2.4,64.3,91.5,0,,0,20.5,OK
22:41:41,corner,StockABS_TC_ESC,StockABSTCESC1.pc,single,2,60,-0.25,0.0,0.9,1788673316-0029,45.5807,149.54,0.8034,3.25,60.0,49.05,0.747,0.25,7.8,3.4,73.0,90.7,0,,0,19.6,OK
22:42:01,corner,StockABS_TC_ESC,StockABSTCESC1.pc,single,2,60,-0.5,0.0,0.9,1788673335-0030,46.7327,153.32,0.7836,3.43,60.0,51.75,0.708,0.50,16.3,10.5,90.5,89.7,0,,0,19.7,OK
22:42:20,corner,StockABS_TC_ESC,StockABSTCESC1.pc,single,2,60,-0.75,0.0,0.9,1788673356-0031,47.1853,154.81,0.7760,3.44,60.0,51.84,0.706,0.75,25.3,19.2,88.7,89.3,0,,0,20.5,OK
22:42:41,corner,StockABS_TC_ESC,StockABSTCESC1.pc,single,2,60,-1.0,0.0,0.9,1788673376-0032,48.5899,159.42,0.7536,3.60,60.0,53.54,0.684,1.00,35.4,28.8,94.0,87.5,0,,0,19.9,OK
22:43:01,corner,StockABS_TC_ESC,StockABSTCESC1.pc,single,2,60,-0.05,0.0,0.95,1788673396-0033,31.7219,104.07,1.1543,2.29,60.0,31.76,1.153,0.05,1.5,0.8,8.7,100.0,0,,0,19.4,OK
22:43:20,corner,StockABS_TC_ESC,StockABSTCESC1.pc,single,2,60,-0.1,0.0,0.95,1788673415-0034,33.5405,110.04,1.0918,2.38,60.0,33.72,1.086,0.10,3.1,1.5,19.3,100.0,0,,0,19.4,OK
22:43:40,corner,StockABS_TC_ESC,StockABSTCESC1.pc,single,2,60,-0.15,0.0,0.95,1788673435-0035,37.5610,123.23,0.9749,2.60,60.0,38.24,0.957,0.15,4.6,2.0,35.4,98.9,0,,0,20.4,OK
22:44:00,corner,StockABS_TC_ESC,StockABSTCESC1.pc,single,2,60,-0.2,0.0,0.95,1788673456-0036,42.2545,138.63,0.8666,2.94,60.0,44.12,0.830,0.20,6.2,2.6,55.0,93.8,0,,0,20.8,OK
22:44:21,corner,StockABS_TC_ESC,StockABSTCESC1.pc,single,2,60,-0.25,0.0,0.95,1788673476-0037,43.6133,143.09,0.8396,3.09,60.0,46.35,0.790,0.25,7.8,3.6,66.3,92.5,0,,0,20.5,OK
22:44:41,corner,StockABS_TC_ESC,StockABSTCESC1.pc,single,2,60,-0.5,0.0,0.95,1788673497-0038,46.5206,152.63,0.7871,3.43,60.0,51.63,0.709,0.50,16.3,10.4,91.5,89.8,0,,0,20.6,OK
22:45:02,corner,StockABS_TC_ESC,StockABSTCESC1.pc,single,2,60,-0.75,0.0,0.95,1788673517-0039,46.7913,153.51,0.7826,3.39,60.0,51.12,0.716,0.75,25.3,19.3,85.8,89.6,0,,0,19.9,OK
22:45:22,corner,StockABS_TC_ESC,StockABSTCESC1.pc,single,2,60,-1.0,0.0,0.95,1788673537-0040,48.4260,158.88,0.7562,3.51,60.0,52.72,0.695,1.00,35.4,29.7,85.2,87.4,0,,0,21.3,OK
22:45:43,corner,StockABS_TC_ESC,StockABSTCESC1.pc,single,2,60,-0.05,0.0,1.0,1788673558-0041,31.6298,103.77,1.1577,2.27,60.0,31.66,1.157,0.05,1.5,0.7,8.6,100.0,0,,0,20.3,OK
22:46:03,corner,StockABS_TC_ESC,StockABSTCESC1.pc,single,2,60,-0.1,0.0,1.0,1788673579-0042,33.2496,109.09,1.1013,2.35,60.0,33.41,1.096,0.10,3.1,1.5,18.6,100.0,0,,0,21.6,OK
22:46:25,corner,StockABS_TC_ESC,StockABSTCESC1.pc,single,2,60,-0.15,0.0,1.0,1788673600-0043,37.1633,121.93,0.9853,2.57,60.0,37.78,0.969,0.15,4.6,2.2,33.6,99.4,0,,0,20.1,OK
22:46:45,corner,StockABS_TC_ESC,StockABSTCESC1.pc,single,2,60,-0.2,0.0,1.0,1788673620-0044,40.9239,134.26,0.8948,2.83,60.0,42.51,0.861,0.20,6.2,2.6,51.9,95.2,0,,0,20.2,OK
22:47:05,corner,StockABS_TC_ESC,StockABSTCESC1.pc,single,2,60,-0.25,0.0,1.0,1788673641-0045,43.6225,143.12,0.8394,3.06,60.0,46.25,0.792,0.25,7.8,3.5,65.6,92.5,0,,0,22.0,OK
22:47:27,corner,StockABS_TC_ESC,StockABSTCESC1.pc,single,2,60,-0.5,0.0,1.0,1788673664-0046,45.3200,148.69,0.8080,3.27,60.0,49.30,0.743,0.50,16.3,10.7,82.1,90.9,0,,0,24.0,OK
22:47:51,corner,StockABS_TC_ESC,StockABSTCESC1.pc,single,2,60,-0.75,0.0,1.0,1788673688-0047,46.5271,152.65,0.7870,3.34,60.0,50.49,0.725,0.75,25.2,19.3,83.0,89.8,0,,0,23.2,OK
22:48:14,corner,StockABS_TC_ESC,StockABSTCESC1.pc,single,2,60,-1.0,0.0,1.0,1788673712-0048,48.5700,159.35,0.7539,3.56,60.0,53.18,0.689,1.00,35.4,29.0,90.6,87.6,0,,0,24.0,OK
22:48:38,corner,StockABS_TC_ESC,StockABSTCESC1.pc,double,2,60,-0.05,1.0,0.75,1788673737-0049,38.6129,126.68,0.9483,2.98,60.0,40.11,0.913,0.73,24.8,19.0,61.7,97.7,0,,0,24.5,OK
22:49:03,corner,StockABS_TC_ESC,StockABSTCESC1.pc,double,2,60,-0.1,0.5,0.75,1788673760-0050,39.9913,131.21,0.9156,2.95,60.0,41.36,0.885,0.39,12.1,6.6,66.6,96.2,0,,0,24.5,OK
22:49:27,corner,StockABS_TC_ESC,StockABSTCESC1.pc,double,2,60,-0.15,1.0,0.75,1788673782-0051,44.9199,147.38,0.8152,3.36,60.0,47.29,0.774,0.79,26.8,19.2,91.9,91.3,0,,0,20.2,OK
22:49:47,corner,StockABS_TC_ESC,StockABSTCESC1.pc,double,2,60,-0.2,0.05,0.75,1788673803-0052,42.8365,140.54,0.8548,2.86,60.0,43.32,0.845,0.09,3.0,1.3,34.8,90.5,0,,0,21.3,OK
22:50:08,corner,StockABS_TC_ESC,StockABSTCESC1.pc,double,2,60,-0.25,0.75,0.75,1788673825-0053,46.8022,153.55,0.7824,3.18,60.0,47.67,0.768,0.62,20.1,16.2,73.5,87.5,0,,0,23.1,OK
22:50:31,corner,StockABS_TC_ESC,StockABSTCESC1.pc,double,2,60,-0.5,0.2,0.75,1788673848-0054,44.3711,145.57,0.8253,3.02,60.0,45.02,0.813,0.28,9.0,5.2,58.2,90.3,0,,0,20.7,OK
22:50:52,corner,StockABS_TC_ESC,StockABSTCESC1.pc,double,2,60,-0.75,1.0,0.75,1788673867-0055,49.0634,160.97,0.7463,3.57,60.0,51.85,0.706,0.94,31.9,25.6,92.9,85.3,0,,0,19.6,OK
22:51:12,corner,StockABS_TC_ESC,StockABSTCESC1.pc,double,2,60,-1.0,0.05,0.75,1788673889-0056,41.6285,136.58,0.8796,2.76,60.0,41.81,0.876,0.32,12.1,10.7,25.7,90.9,0,,0,23.4,OK
22:51:35,corner,StockABS_TC_ESC,StockABSTCESC1.pc,double,2,60,-0.05,0.1,0.8,1788673915-0057,33.2792,109.18,1.1003,2.39,60.0,33.31,1.099,0.08,2.5,1.1,14.9,100.0,0,,0,25.0,OK
22:52:00,corner,StockABS_TC_ESC,StockABSTCESC1.pc,double,2,60,-0.1,0.15,0.8,1788673936-0058,35.7946,117.44,1.0230,2.52,60.0,35.91,1.020,0.13,4.1,1.7,28.7,100.0,0,,0,21.2,OK
22:52:21,corner,StockABS_TC_ESC,StockABSTCESC1.pc,double,2,60,-0.15,0.05,0.8,1788673956-0059,37.8153,124.07,0.9683,2.59,60.0,37.99,0.964,0.08,2.5,1.2,23.9,98.6,0,,0,19.6,OK
22:52:41,corner,StockABS_TC_ESC,StockABSTCESC1.pc,double,2,60,-0.2,1.0,0.8,1788673976-0060,48.7584,159.97,0.7510,3.57,60.0,51.53,0.711,0.82,27.6,20.7,102.4,87.0,0,,0,20.1,OK
22:53:01,corner,StockABS_TC_ESC,StockABSTCESC1.pc,double,2,60,-0.25,0.75,0.8,1788673995-0061,46.4974,152.55,0.7875,3.13,60.0,47.18,0.776,0.62,20.0,16.5,69.2,87.4,0,,0,20.4,OK
22:53:21,corner,StockABS_TC_ESC,StockABSTCESC1.pc,double,2,60,-0.5,0.75,0.8,1788674016-0062,47.9180,157.21,0.7642,3.41,60.0,50.34,0.727,0.69,22.4,16.3,89.9,88.7,0,,0,19.7,OK
22:53:41,corner,StockABS_TC_ESC,StockABSTCESC1.pc,double,2,60,-0.75,0.15,0.8,1788674036-0063,42.1840,138.40,0.8681,2.82,60.0,42.44,0.863,0.32,10.9,8.2,41.1,91.9,0,,0,20.2,OK
22:54:01,corner,StockABS_TC_ESC,StockABSTCESC1.pc,double,2,60,-1.0,0.75,0.8,1788674057-0064,48.1795,158.07,0.7600,3.41,60.0,50.58,0.724,0.81,27.1,21.3,85.1,87.4,0,,0,20.7,OK
22:54:22,corner,StockABS_TC_ESC,StockABSTCESC1.pc,double,2,60,-0.05,0.15,0.85,1788674077-0065,32.6378,107.08,1.1220,2.36,60.0,32.69,1.120,0.11,3.4,1.6,17.2,100.0,0,,0,20.4,OK
22:54:42,corner,StockABS_TC_ESC,StockABSTCESC1.pc,double,2,60,-0.1,1.0,0.85,1788674097-0066,40.2009,131.89,0.9109,3.06,60.0,41.75,0.877,0.75,25.4,18.7,72.3,95.9,0,,0,19.4,OK
22:55:01,corner,StockABS_TC_ESC,StockABSTCESC1.pc,double,2,60,-0.15,0.25,0.85,1788674116-0067,39.7185,130.31,0.9219,2.77,60.0,40.20,0.911,0.22,6.7,2.8,52.0,96.5,0,,0,19.2,OK
22:55:21,corner,StockABS_TC_ESC,StockABSTCESC1.pc,double,2,60,-0.2,1.0,0.85,1788674135-0068,48.0437,157.62,0.7622,3.50,60.0,50.56,0.724,0.81,27.4,20.7,98.3,87.8,0,,0,19.6,OK
22:55:40,corner,StockABS_TC_ESC,StockABSTCESC1.pc,double,2,60,-0.25,0.15,0.85,1788674155-0069,42.1568,138.31,0.8686,2.81,60.0,42.45,0.863,0.18,5.7,2.7,47.6,92.9,0,,0,20.8,OK
22:56:01,corner,StockABS_TC_ESC,StockABSTCESC1.pc,double,2,60,-0.5,0.2,0.85,1788674176-0070,43.1408,141.54,0.8488,2.90,60.0,43.60,0.840,0.28,9.1,5.7,52.9,92.1,0,,0,19.9,OK
22:56:21,corner,StockABS_TC_ESC,StockABSTCESC1.pc,double,2,60,-0.75,0.1,0.85,1788674196-0071,40.7171,133.59,0.8993,2.71,60.0,40.88,0.896,0.29,10.1,8.2,31.1,93.8,0,,0,20.8,OK
22:56:42,corner,StockABS_TC_ESC,StockABSTCESC1.pc,double,2,60,-1.0,1.0,0.85,1788674216-0072,48.7633,159.98,0.7509,3.56,60.0,51.58,0.710,1.00,34.1,26.8,95.5,85.7,0,,0,19.6,OK
22:57:01,corner,StockABS_TC_ESC,StockABSTCESC1.pc,double,2,60,-0.05,0.15,0.9,1788674236-0073,32.6399,107.09,1.1219,2.35,60.0,32.69,1.120,0.11,3.5,1.7,17.0,100.0,0,,0,19.6,OK
22:57:21,corner,StockABS_TC_ESC,StockABSTCESC1.pc,double,2,60,-0.1,0.15,0.9,1788674256-0074,34.8601,114.37,1.0504,2.45,60.0,34.94,1.048,0.13,4.1,1.9,25.2,100.0,0,,0,19.4,OK
22:57:40,corner,StockABS_TC_ESC,StockABSTCESC1.pc,double,2,60,-0.15,1.0,0.9,1788674275-0075,44.2795,145.27,0.8270,3.31,60.0,46.38,0.790,0.79,26.6,19.4,88.3,91.9,0,,0,19.6,OK
22:58:00,corner,StockABS_TC_ESC,StockABSTCESC1.pc,double,2,60,-0.2,0.05,0.9,1788674294-0076,39.2913,128.91,0.9320,2.65,60.0,39.58,0.925,0.10,3.1,1.5,28.6,96.9,0,,0,20.3,OK
22:58:20,corner,StockABS_TC_ESC,StockABSTCESC1.pc,double,2,60,-0.25,0.05,0.9,1788674315-0077,41.2022,135.18,0.8887,2.75,60.0,41.62,0.880,0.11,3.6,1.9,32.7,93.8,0,,0,19.2,OK
22:58:39,corner,StockABS_TC_ESC,StockABSTCESC1.pc,double,2,60,-0.5,0.2,0.9,1788674334-0078,42.1814,138.39,0.8681,2.84,60.0,42.56,0.860,0.28,9.2,5.9,48.9,93.5,0,,0,20.8,OK
22:59:00,corner,StockABS_TC_ESC,StockABSTCESC1.pc,double,2,60,-0.75,0.2,0.9,1788674355-0079,42.3654,138.99,0.8643,2.85,60.0,42.78,0.856,0.35,11.9,8.6,48.7,93.0,0,,0,19.3,OK
22:59:19,corner,StockABS_TC_ESC,StockABSTCESC1.pc,double,2,60,-1.0,0.15,0.9,1788674374-0080,41.5251,136.24,0.8818,2.75,60.0,41.71,0.878,0.40,14.3,11.8,36.4,92.6,0,,0,20.5,OK
22:59:40,corner,StockABS_TC_ESC,StockABSTCESC1.pc,double,2,60,-0.05,0.05,0.95,1788674394-0081,31.6961,103.99,1.1553,2.29,60.0,31.71,1.155,0.05,1.5,0.9,7.8,100.0,0,,0,20.5,OK
23:00:00,corner,StockABS_TC_ESC,StockABSTCESC1.pc,double,2,60,-0.1,0.05,0.95,1788674415-0082,33.2705,109.16,1.1006,2.36,60.0,33.33,1.099,0.07,2.1,1.1,14.4,100.0,0,,0,19.4,OK
23:00:20,corner,StockABS_TC_ESC,StockABSTCESC1.pc,double,2,60,-0.15,0.05,0.95,1788674435-0083,35.9055,117.80,1.0198,2.47,60.0,36.05,1.016,0.08,2.6,1.3,21.1,100.0,0,,0,20.2,OK
23:00:40,corner,StockABS_TC_ESC,StockABSTCESC1.pc,double,2,60,-0.2,0.2,0.95,1788674455-0084,40.0903,131.53,0.9134,2.73,60.0,40.39,0.907,0.20,6.2,2.8,47.6,96.1,0,,0,19.4,OK
23:00:59,corner,StockABS_TC_ESC,StockABSTCESC1.pc,double,2,60,-0.25,0.25,0.95,1788674474-0085,44.4858,145.95,0.8231,3.06,60.0,45.40,0.807,0.25,7.8,3.0,73.6,91.7,0,,0,19.3,OK
23:01:19,corner,StockABS_TC_ESC,StockABSTCESC1.pc,double,2,60,-0.5,0.1,0.95,1788674493-0086,40.4946,132.86,0.9043,2.68,60.0,40.69,0.900,0.22,7.3,5.3,32.4,94.6,0,,0,19.2,OK
23:01:38,corner,StockABS_TC_ESC,StockABSTCESC1.pc,double,2,60,-0.75,0.05,0.95,1788674512-0087,40.1253,131.64,0.9126,2.66,60.0,40.32,0.908,0.26,9.3,7.9,24.9,94.3,0,,0,20.2,OK
23:01:58,corner,StockABS_TC_ESC,StockABSTCESC1.pc,double,2,60,-1.0,1.0,0.95,1788674532-0088,48.4706,159.02,0.7555,3.45,60.0,50.67,0.723,1.00,34.1,28.0,85.3,84.8,0,,0,19.5,OK
23:02:17,corner,StockABS_TC_ESC,StockABSTCESC1.pc,double,2,60,-0.05,0.25,1.0,1788674552-0089,32.2348,105.76,1.1360,2.34,60.0,32.35,1.132,0.18,5.5,2.9,21.7,100.0,0,,0,19.7,OK
23:02:37,corner,StockABS_TC_ESC,StockABSTCESC1.pc,double,2,60,-0.1,0.1,1.0,1788674575-0090,33.2845,109.20,1.1002,2.36,60.0,33.33,1.099,0.10,3.1,1.6,17.8,100.0,0,,0,22.9,OK
23:03:00,corner,StockABS_TC_ESC,StockABSTCESC1.pc,double,2,60,-0.15,0.5,1.0,1788674594-0091,40.4248,132.63,0.9058,2.87,60.0,41.37,0.885,0.40,12.5,7.4,63.1,95.7,0,,0,20.1,OK
23:03:20,corner,StockABS_TC_ESC,StockABSTCESC1.pc,double,2,60,-0.2,0.25,1.0,1788674615-0092,41.7622,137.01,0.8768,2.85,60.0,42.27,0.866,0.24,7.3,3.2,58.6,94.3,0,,0,19.3,OK
23:03:39,corner,StockABS_TC_ESC,StockABSTCESC1.pc,double,2,60,-0.25,0.2,1.0,1788674634-0093,41.4925,136.13,0.8825,2.80,60.0,41.84,0.875,0.21,6.7,3.1,52.8,94.6,0,,0,20.5,OK
23:04:00,corner,StockABS_TC_ESC,StockABSTCESC1.pc,double,2,60,-0.5,0.75,1.0,1788674654-0094,46.2708,151.81,0.7914,3.28,60.0,48.33,0.758,0.69,22.3,16.4,83.5,90.1,0,,0,19.7,OK
23:04:19,corner,StockABS_TC_ESC,StockABSTCESC1.pc,double,2,60,-0.75,0.5,1.0,1788674674-0095,45.9372,150.71,0.7971,3.22,60.0,47.82,0.766,0.56,18.3,12.8,79.6,90.4,0,,0,20.0,OK
23:04:39,corner,StockABS_TC_ESC,StockABSTCESC1.pc,double,2,60,-1.0,0.1,1.0,1788674694-0096,40.7212,133.60,0.8992,2.68,60.0,40.88,0.896,0.36,13.6,11.8,29.1,93.4,0,,0,20.1,OK
23:05:24,corner,DynamicABS,DynamicABS1.pc,single,3,60,-0.05,0.0,0.75,1788674740-0001,33.0260,108.35,1.1088,2.36,60.0,33.07,1.107,0.05,1.5,0.6,11.9,100.0,0,ba2f3327-f04f27a6-108632,1,21.7,OK
23:05:46,corner,DynamicABS,DynamicABS1.pc,single,3,60,-0.1,0.0,0.75,1788674761-0002,35.3776,116.07,1.0351,2.51,60.0,35.82,1.022,0.10,3.0,0.7,30.0,100.0,0,ba2f3327-f04f27a6-108632,1,20.4,OK
23:06:06,corner,DynamicABS,DynamicABS1.pc,single,3,60,-0.15,0.0,0.75,1788674781-0003,38.1790,125.26,0.9591,2.68,60.0,39.23,0.933,0.15,4.5,1.3,44.4,98.2,0,ba2f3327-f04f27a6-108632,1,21.4,OK
23:06:28,corner,DynamicABS,DynamicABS1.pc,single,3,60,-0.2,0.0,0.75,1788674802-0004,42.8363,140.54,0.8548,3.03,60.0,45.31,0.808,0.20,6.1,1.9,63.7,93.2,0,ba2f3327-f04f27a6-108632,1,19.8,OK
23:06:48,corner,DynamicABS,DynamicABS1.pc,single,3,60,-0.25,0.0,0.75,1788674822-0005,45.0591,147.83,0.8127,3.23,60.0,48.70,0.752,0.25,7.8,2.9,76.1,91.1,0,ba2f3327-f04f27a6-108632,1,20.9,OK
23:07:08,corner,DynamicABS,DynamicABS1.pc,single,3,60,-0.5,0.0,0.75,1788674844-0006,48.4037,158.80,0.7565,3.60,60.0,54.75,0.669,0.50,16.2,9.5,102.7,88.3,0,ba2f3327-f04f27a6-108632,1,22.2,OK
23:07:31,corner,DynamicABS,DynamicABS1.pc,single,3,60,-0.75,0.0,0.75,1788674865-0007,49.0485,160.92,0.7466,3.70,60.0,56.00,0.654,0.75,25.2,17.6,109.6,87.7,0,ba2f3327-f04f27a6-108632,1,21.2,OK
23:07:52,corner,DynamicABS,DynamicABS1.pc,single,3,60,-1.0,0.0,0.75,1788674887-0008,47.4880,155.80,0.7711,3.54,60.0,52.89,0.692,1.00,35.2,27.8,99.9,89.0,0,ba2f3327-f04f27a6-108632,1,21.4,OK
23:08:13,corner,DynamicABS,DynamicABS1.pc,single,3,60,-0.05,0.0,0.8,1788674908-0009,32.6444,107.10,1.1217,2.33,60.0,32.67,1.121,0.05,1.6,0.6,10.3,100.0,0,ba2f3327-f04f27a6-108632,1,20.4,OK
23:08:34,corner,DynamicABS,DynamicABS1.pc,single,3,60,-0.1,0.0,0.8,1788674928-0010,34.1938,112.18,1.0709,2.43,60.0,34.55,1.060,0.10,3.0,0.9,27.4,100.0,0,ba2f3327-f04f27a6-108632,1,20.6,OK
23:08:54,corner,DynamicABS,DynamicABS1.pc,single,3,60,-0.15,0.0,0.8,1788674949-0011,37.6140,123.41,0.9735,2.64,60.0,38.66,0.947,0.15,4.6,1.4,44.4,98.9,0,ba2f3327-f04f27a6-108632,1,21.5,OK
23:09:16,corner,DynamicABS,DynamicABS1.pc,single,3,60,-0.2,0.0,0.8,1788674970-0012,39.7944,130.56,0.9202,2.81,60.0,41.59,0.881,0.20,6.1,2.1,56.7,96.4,0,ba2f3327-f04f27a6-108632,1,21.6,OK
23:09:37,corner,DynamicABS,DynamicABS1.pc,single,3,60,-0.25,0.0,0.8,1788674992-0013,44.0927,144.66,0.8305,3.16,60.0,47.47,0.771,0.25,7.8,3.0,73.7,92.0,0,ba2f3327-f04f27a6-108632,1,21.6,OK
23:09:59,corner,DynamicABS,DynamicABS1.pc,single,3,60,-0.5,0.0,0.8,1788675014-0014,49.0497,160.92,0.7466,3.70,60.0,56.29,0.651,0.50,16.2,9.4,108.1,87.7,0,ba2f3327-f04f27a6-108632,1,22.2,OK
23:10:21,corner,DynamicABS,DynamicABS1.pc,single,3,60,-0.75,0.0,0.8,1788675036-0015,48.6798,159.71,0.7522,3.63,60.0,55.20,0.663,0.75,25.2,17.9,106.4,88.0,0,ba2f3327-f04f27a6-108632,1,21.7,OK
23:10:43,corner,DynamicABS,DynamicABS1.pc,single,3,60,-1.0,0.0,0.8,1788675057-0016,47.0051,154.22,0.7790,3.48,60.0,52.16,0.702,1.00,35.2,27.8,97.9,89.4,0,ba2f3327-f04f27a6-108632,1,21.3,OK
23:11:04,corner,DynamicABS,DynamicABS1.pc,single,3,60,-0.05,0.0,0.85,1788675079-0017,32.7072,107.31,1.1196,2.32,60.0,32.73,1.119,0.05,1.6,0.6,10.5,100.0,0,ba2f3327-f04f27a6-108632,1,21.7,OK
23:11:25,corner,DynamicABS,DynamicABS1.pc,single,3,60,-0.1,0.0,0.85,1788675101-0018,33.8178,110.95,1.0828,2.40,60.0,34.15,1.072,0.10,3.0,0.9,26.6,100.0,0,ba2f3327-f04f27a6-108632,1,21.4,OK
23:11:47,corner,DynamicABS,DynamicABS1.pc,single,3,60,-0.15,0.0,0.85,1788675123-0019,37.2624,122.25,0.9827,2.60,60.0,38.24,0.958,0.15,4.5,1.4,43.4,99.3,0,ba2f3327-f04f27a6-108632,1,23.3,OK
23:12:10,corner,DynamicABS,DynamicABS1.pc,single,3,60,-0.2,0.0,0.85,1788675147-0020,38.8315,127.40,0.9430,2.73,60.0,40.39,0.907,0.20,6.1,2.2,53.7,97.5,0,ba2f3327-f04f27a6-108632,1,23.4,OK
23:12:33,corner,DynamicABS,DynamicABS1.pc,single,3,60,-0.25,0.0,0.85,1788675169-0021,43.0035,141.09,0.8515,3.07,60.0,46.04,0.795,0.25,7.8,3.0,70.9,93.1,0,ba2f3327-f04f27a6-108632,1,23.1,OK
23:12:57,corner,DynamicABS,DynamicABS1.pc,single,3,60,-0.5,0.0,0.85,1788675193-0022,49.6628,162.94,0.7373,3.77,60.0,57.40,0.638,0.50,16.2,9.5,110.4,87.2,0,ba2f3327-f04f27a6-108632,1,24.7,OK
23:13:21,corner,DynamicABS,DynamicABS1.pc,single,3,60,-0.75,0.0,0.85,1788675218-0023,48.2226,158.21,0.7593,3.57,60.0,54.35,0.674,0.75,25.2,17.9,103.9,88.4,0,ba2f3327-f04f27a6-108632,1,24.1,OK
23:13:45,corner,DynamicABS,DynamicABS1.pc,single,3,60,-1.0,0.0,0.85,1788675242-0024,46.7657,153.43,0.7830,3.46,60.0,51.81,0.707,1.00,35.2,27.8,97.3,89.6,0,ba2f3327-f04f27a6-108632,1,23.6,OK
23:14:09,corner,DynamicABS,DynamicABS1.pc,single,3,60,-0.05,0.0,0.9,1788675266-0025,32.7731,107.52,1.1173,2.31,60.0,32.79,1.117,0.05,1.6,0.6,10.5,100.0,0,ba2f3327-f04f27a6-108632,1,23.2,OK
23:14:32,corner,DynamicABS,DynamicABS1.pc,single,3,60,-0.1,0.0,0.9,1788675288-0026,33.3670,109.47,1.0974,2.37,60.0,33.70,1.087,0.10,3.0,0.9,26.6,100.0,0,ba2f3327-f04f27a6-108632,1,22.0,OK
23:14:54,corner,DynamicABS,DynamicABS1.pc,single,3,60,-0.15,0.0,0.9,1788675310-0027,36.0156,118.16,1.0167,2.52,60.0,36.82,0.994,0.15,4.6,1.4,40.3,100.0,0,ba2f3327-f04f27a6-108632,1,22.2,OK
23:15:16,corner,DynamicABS,DynamicABS1.pc,single,3,60,-0.2,0.0,0.9,1788675333-0028,39.4803,129.53,0.9275,2.77,60.0,41.21,0.889,0.20,6.1,2.1,56.2,96.7,0,ba2f3327-f04f27a6-108632,1,23.7,OK
23:15:40,corner,DynamicABS,DynamicABS1.pc,single,3,60,-0.25,0.0,0.9,1788675356-0029,42.8957,140.73,0.8537,3.06,60.0,45.92,0.797,0.25,7.8,3.0,71.2,93.2,0,ba2f3327-f04f27a6-108632,1,22.8,OK
23:16:03,corner,DynamicABS,DynamicABS1.pc,single,3,60,-0.5,0.0,0.9,1788675379-0030,47.3715,155.42,0.7730,3.53,60.0,53.50,0.684,0.50,16.2,9.6,101.1,89.1,0,ba2f3327-f04f27a6-108632,1,23.6,OK
23:16:26,corner,DynamicABS,DynamicABS1.pc,single,3,60,-0.75,0.0,0.9,1788675403-0031,47.7875,156.78,0.7663,3.53,60.0,53.72,0.682,0.75,25.2,18.0,102.5,88.8,0,ba2f3327-f04f27a6-108632,1,23.4,OK
23:16:50,corner,DynamicABS,DynamicABS1.pc,single,3,60,-1.0,0.0,0.9,1788675426-0032,45.3175,148.68,0.8080,3.31,60.0,49.50,0.740,1.00,35.2,28.0,90.6,90.9,0,ba2f3327-f04f27a6-108632,1,23.7,OK
23:17:13,corner,DynamicABS,DynamicABS1.pc,single,3,60,-0.05,0.0,0.95,1788675450-0033,32.8082,107.64,1.1161,2.31,60.0,32.83,1.116,0.05,1.6,0.6,10.2,100.0,0,ba2f3327-f04f27a6-108632,1,22.9,OK
23:17:36,corner,DynamicABS,DynamicABS1.pc,single,3,60,-0.1,0.0,0.95,1788675473-0034,32.4420,106.44,1.1287,2.31,60.0,32.71,1.120,0.10,3.0,0.9,24.5,100.0,0,ba2f3327-f04f27a6-108632,1,23.0,OK
23:17:59,corner,DynamicABS,DynamicABS1.pc,single,3,60,-0.15,0.0,0.95,1788675495-0035,35.1807,115.42,1.0409,2.48,60.0,35.93,1.019,0.15,4.6,1.4,39.1,100.0,0,ba2f3327-f04f27a6-108632,1,22.1,OK
23:18:21,corner,DynamicABS,DynamicABS1.pc,single,3,60,-0.2,0.0,0.95,1788675517-0036,37.8470,124.17,0.9675,2.66,60.0,39.27,0.933,0.20,6.1,2.1,52.6,98.6,0,ba2f3327-f04f27a6-108632,1,22.3,OK
23:18:43,corner,DynamicABS,DynamicABS1.pc,single,3,60,-0.25,0.0,0.95,1788675540-0037,41.5758,136.40,0.8808,2.93,60.0,44.01,0.832,0.25,7.8,3.1,65.6,94.5,0,ba2f3327-f04f27a6-108632,1,23.5,OK
23:19:07,corner,DynamicABS,DynamicABS1.pc,single,3,60,-0.5,0.0,0.95,1788675563-0038,47.6279,156.26,0.7688,3.54,60.0,53.82,0.680,0.50,16.2,9.5,101.8,88.9,0,ba2f3327-f04f27a6-108632,1,23.0,OK
23:19:30,corner,DynamicABS,DynamicABS1.pc,single,3,60,-0.75,0.0,0.95,1788675586-0039,47.8344,156.94,0.7655,3.55,60.0,53.91,0.679,0.75,25.2,18.0,103.4,88.7,0,ba2f3327-f04f27a6-108632,1,23.1,OK
23:19:53,corner,DynamicABS,DynamicABS1.pc,single,3,60,-1.0,0.0,0.95,1788675609-0040,46.1080,151.27,0.7942,3.41,60.0,50.96,0.719,1.00,35.2,27.6,96.6,90.2,0,ba2f3327-f04f27a6-108632,1,23.1,OK
23:20:16,corner,DynamicABS,DynamicABS1.pc,single,3,60,-0.05,0.0,1.0,1788675632-0041,30.8964,101.37,1.1852,2.22,60.0,30.96,1.183,0.05,1.5,0.4,12.5,100.0,0,ba2f3327-f04f27a6-108632,1,21.7,OK
23:20:38,corner,DynamicABS,DynamicABS1.pc,single,3,60,-0.1,0.0,1.0,1788675653-0042,32.4956,106.61,1.1269,2.31,60.0,32.79,1.117,0.10,3.0,0.8,25.9,100.0,0,ba2f3327-f04f27a6-108632,1,22.0,OK
23:21:00,corner,DynamicABS,DynamicABS1.pc,single,3,60,-0.15,0.0,1.0,1788675674-0043,34.6041,113.53,1.0582,2.43,60.0,35.23,1.039,0.15,4.6,1.6,36.6,100.0,0,ba2f3327-f04f27a6-108632,1,20.4,OK
23:21:20,corner,DynamicABS,DynamicABS1.pc,single,3,60,-0.2,0.0,1.0,1788675694-0044,38.0139,124.72,0.9633,2.67,60.0,39.45,0.928,0.20,6.1,2.2,52.5,98.4,0,ba2f3327-f04f27a6-108632,1,19.8,OK
23:21:40,corner,DynamicABS,DynamicABS1.pc,single,3,60,-0.25,0.0,1.0,1788675713-0045,41.3993,135.82,0.8845,2.92,60.0,43.89,0.834,0.25,7.8,3.1,66.0,94.7,0,ba2f3327-f04f27a6-108632,1,19.7,OK
23:21:59,corner,DynamicABS,DynamicABS1.pc,single,3,60,-0.5,0.0,1.0,1788675733-0046,47.3597,155.38,0.7732,3.49,60.0,53.30,0.687,0.50,16.2,9.6,99.7,89.1,0,ba2f3327-f04f27a6-108632,1,19.2,OK
23:22:19,corner,DynamicABS,DynamicABS1.pc,single,3,60,-0.75,0.0,1.0,1788675752-0047,47.0092,154.23,0.7790,3.47,60.0,52.65,0.696,0.75,25.2,17.9,101.0,89.4,0,ba2f3327-f04f27a6-108632,1,19.1,OK
23:22:38,corner,DynamicABS,DynamicABS1.pc,single,3,60,-1.0,0.0,1.0,1788675771-0048,45.7099,149.97,0.8011,3.37,60.0,50.32,0.728,1.00,35.2,27.7,94.6,90.6,0,ba2f3327-f04f27a6-108632,1,18.9,OK
23:22:57,corner,DynamicABS,DynamicABS1.pc,double,3,60,-0.05,0.05,0.75,1788675790-0049,32.9292,108.04,1.1120,2.35,60.0,32.94,1.112,0.05,1.5,0.7,8.8,100.0,0,ba2f3327-f04f27a6-108632,1,18.8,OK
23:23:15,corner,DynamicABS,DynamicABS1.pc,double,3,60,-0.1,0.5,0.75,1788675809-0050,37.1749,121.96,0.9850,2.71,60.0,38.00,0.964,0.38,11.8,5.8,60.6,99.4,0,ba2f3327-f04f27a6-108632,1,19.4,OK
23:23:35,corner,DynamicABS,DynamicABS1.pc,double,3,60,-0.15,0.1,0.75,1788675828-0051,37.5560,123.22,0.9750,2.59,60.0,37.72,0.971,0.12,3.5,1.2,34.2,98.9,0,ba2f3327-f04f27a6-108632,1,19.9,OK
23:23:54,corner,DynamicABS,DynamicABS1.pc,double,3,60,-0.2,0.5,0.75,1788675848-0052,43.8348,143.82,0.8354,3.24,60.0,46.05,0.795,0.42,13.2,5.8,97.7,92.3,0,ba2f3327-f04f27a6-108632,1,19.5,OK
23:24:14,corner,DynamicABS,DynamicABS1.pc,double,3,60,-0.25,0.5,0.75,1788675868-0053,46.6126,152.93,0.7856,4.25,60.0,53.91,0.679,0.45,14.3,5.1,139.2,89.8,0,ba2f3327-f04f27a6-108632,1,20.4,OK
23:24:34,corner,DynamicABS,DynamicABS1.pc,double,3,60,-0.5,1.0,0.75,1788675888-0054,50.0741,164.29,0.7313,3.60,60.0,53.48,0.685,0.89,30.0,22.0,109.1,86.9,0,ba2f3327-f04f27a6-108632,1,19.5,OK
23:24:54,corner,DynamicABS,DynamicABS1.pc,double,3,60,-0.75,0.15,0.75,1788675908-0055,44.5235,146.07,0.8224,2.95,60.0,44.96,0.814,0.31,10.4,7.2,51.7,90.0,0,ba2f3327-f04f27a6-108632,1,18.8,OK
23:25:13,corner,DynamicABS,DynamicABS1.pc,double,3,60,-1.0,0.2,0.75,1788675926-0056,43.8595,143.90,0.8349,2.96,60.0,44.53,0.822,0.41,14.4,10.5,58.2,91.9,0,ba2f3327-f04f27a6-108632,1,18.9,OK
23:25:31,corner,DynamicABS,DynamicABS1.pc,double,3,60,-0.05,1.0,0.8,1788675945-0057,35.2211,115.55,1.0397,2.67,60.0,36.28,1.009,0.70,23.5,17.0,52.5,100.0,0,ba2f3327-f04f27a6-108632,1,18.8,OK
23:25:50,corner,DynamicABS,DynamicABS1.pc,double,3,60,-0.1,0.1,0.8,1788675963-0058,34.0932,111.85,1.0741,2.41,60.0,34.17,1.072,0.10,3.0,1.1,23.9,100.0,0,ba2f3327-f04f27a6-108632,1,19.4,OK
23:26:09,corner,DynamicABS,DynamicABS1.pc,double,3,60,-0.15,0.2,0.8,1788675983-0059,37.0943,121.70,0.9872,2.59,60.0,37.35,0.980,0.18,5.6,1.9,46.2,99.5,0,ba2f3327-f04f27a6-108632,1,19.7,OK
23:26:29,corner,DynamicABS,DynamicABS1.pc,double,3,60,-0.2,0.5,0.8,1788676003-0060,43.0286,141.17,0.8510,3.14,60.0,44.99,0.814,0.42,13.2,6.1,92.1,93.1,0,ba2f3327-f04f27a6-108632,1,19.5,OK
23:26:49,corner,DynamicABS,DynamicABS1.pc,double,3,60,-0.25,0.15,0.8,1788676022-0061,39.7859,130.53,0.9204,2.69,60.0,40.08,0.914,0.18,5.7,2.4,48.2,96.4,0,ba2f3327-f04f27a6-108632,1,19.9,OK
23:27:08,corner,DynamicABS,DynamicABS1.pc,double,3,60,-0.5,0.1,0.8,1788676043-0062,43.6888,143.34,0.8382,2.87,60.0,43.97,0.833,0.21,6.9,4.4,43.0,89.9,0,ba2f3327-f04f27a6-108632,1,19.9,OK
23:27:28,corner,DynamicABS,DynamicABS1.pc,double,3,60,-0.75,0.5,0.8,1788676063-0063,48.0591,157.67,0.7619,3.55,60.0,51.56,0.710,0.55,18.0,10.7,104.4,88.5,0,ba2f3327-f04f27a6-108632,1,20.3,OK
23:27:49,corner,DynamicABS,DynamicABS1.pc,double,3,60,-1.0,0.15,0.8,1788676082-0064,42.5371,139.56,0.8609,2.82,60.0,42.87,0.854,0.38,13.8,10.7,46.6,92.6,0,ba2f3327-f04f27a6-108632,1,19.6,OK
23:28:08,corner,DynamicABS,DynamicABS1.pc,double,3,60,-0.05,0.5,0.85,1788676101-0065,34.0263,111.63,1.0762,2.50,60.0,34.58,1.059,0.35,10.9,6.1,39.2,100.0,0,ba2f3327-f04f27a6-108632,1,19.4,OK
23:28:27,corner,DynamicABS,DynamicABS1.pc,double,3,60,-0.1,0.15,0.85,1788676121-0066,33.6877,110.52,1.0870,2.38,60.0,33.77,1.084,0.13,4.0,1.6,27.3,100.0,0,ba2f3327-f04f27a6-108632,1,19.7,OK
23:28:47,corner,DynamicABS,DynamicABS1.pc,double,3,60,-0.15,0.05,0.85,1788676141-0067,35.7935,117.43,1.0230,2.47,60.0,35.99,1.017,0.08,2.6,1.0,25.1,100.0,0,ba2f3327-f04f27a6-108632,1,20.6,OK
23:29:08,corner,DynamicABS,DynamicABS1.pc,double,3,60,-0.2,0.5,0.85,1788676162-0068,41.5513,136.32,0.8813,3.01,60.0,43.10,0.850,0.42,13.1,6.1,86.5,94.5,0,ba2f3327-f04f27a6-108632,1,20.0,OK
23:29:28,corner,DynamicABS,DynamicABS1.pc,double,3,60,-0.25,0.15,0.85,1788676183-0069,40.0493,131.40,0.9143,2.69,60.0,40.32,0.908,0.18,5.6,2.3,47.5,96.1,0,ba2f3327-f04f27a6-108632,1,21.1,OK
23:29:49,corner,DynamicABS,DynamicABS1.pc,double,3,60,-0.5,0.75,0.85,1788676207-0070,48.6893,159.74,0.7521,4.01,60.0,55.34,0.662,0.70,22.8,13.3,139.0,88.0,0,ba2f3327-f04f27a6-108632,1,24.7,OK
23:30:13,corner,DynamicABS,DynamicABS1.pc,double,3,60,-0.75,0.2,0.85,1788676228-0071,43.4418,142.53,0.8429,2.89,60.0,44.00,0.832,0.35,11.7,7.7,57.5,92.7,0,ba2f3327-f04f27a6-108632,1,19.8,OK
23:30:33,corner,DynamicABS,DynamicABS1.pc,double,3,60,-1.0,0.5,0.85,1788676247-0072,46.1641,151.46,0.7932,3.37,60.0,48.98,0.748,0.62,20.5,13.5,95.6,90.2,0,ba2f3327-f04f27a6-108632,1,19.9,OK
23:30:53,corner,DynamicABS,DynamicABS1.pc,double,3,60,-0.05,0.5,0.9,1788676267-0073,34.0912,111.85,1.0741,2.50,60.0,34.64,1.057,0.35,10.9,6.1,39.0,100.0,0,ba2f3327-f04f27a6-108632,1,20.3,OK
23:31:13,corner,DynamicABS,DynamicABS1.pc,double,3,60,-0.1,1.0,0.9,1788676289-0074,35.4979,116.46,1.0316,2.67,60.0,36.41,1.006,0.71,23.9,16.8,63.3,100.0,0,ba2f3327-f04f27a6-108632,1,21.7,OK
23:31:35,corner,DynamicABS,DynamicABS1.pc,double,3,60,-0.15,0.2,0.9,1788676309-0075,35.8440,117.60,1.0216,2.49,60.0,36.04,1.016,0.18,5.6,2.1,41.5,100.0,0,ba2f3327-f04f27a6-108632,1,20.2,OK
23:31:55,corner,DynamicABS,DynamicABS1.pc,double,3,60,-0.2,0.05,0.9,1788676329-0076,38.0686,124.90,0.9619,2.58,60.0,38.33,0.955,0.10,3.1,1.4,31.3,98.3,0,ba2f3327-f04f27a6-108632,1,19.6,OK
23:32:15,corner,DynamicABS,DynamicABS1.pc,double,3,60,-0.25,0.25,0.9,1788676349-0077,40.2478,132.05,0.9098,2.76,60.0,40.79,0.898,0.25,7.7,3.0,63.2,95.9,0,ba2f3327-f04f27a6-108632,1,19.9,OK
23:32:35,corner,DynamicABS,DynamicABS1.pc,double,3,60,-0.5,0.1,0.9,1788676368-0078,42.2562,138.64,0.8666,2.77,60.0,42.53,0.861,0.21,7.1,4.6,41.1,92.7,0,ba2f3327-f04f27a6-108632,1,18.9,OK
23:32:53,corner,DynamicABS,DynamicABS1.pc,double,3,60,-0.75,0.05,0.9,1788676388-0079,42.0479,137.95,0.8709,2.73,60.0,42.32,0.865,0.25,8.9,7.2,31.8,91.5,0,ba2f3327-f04f27a6-108632,1,19.9,OK
23:33:13,corner,DynamicABS,DynamicABS1.pc,double,3,60,-1.0,0.75,0.9,1788676408-0080,46.4518,152.40,0.7883,3.41,60.0,49.43,0.741,0.81,26.9,19.1,99.9,89.9,0,ba2f3327-f04f27a6-108632,1,20.9,OK
23:33:34,corner,DynamicABS,DynamicABS1.pc,double,3,60,-0.05,0.2,0.95,1788676428-0081,33.0936,108.57,1.1065,2.36,60.0,33.22,1.102,0.15,4.5,2.1,20.0,100.0,0,ba2f3327-f04f27a6-108632,1,19.4,OK
23:33:53,corner,DynamicABS,DynamicABS1.pc,double,3,60,-0.1,1.0,0.95,1788676447-0082,35.3003,115.81,1.0373,2.65,60.0,36.19,1.012,0.71,23.8,16.6,63.5,100.0,0,ba2f3327-f04f27a6-108632,1,18.9,OK
23:34:12,corner,DynamicABS,DynamicABS1.pc,double,3,60,-0.15,0.2,0.95,1788676466-0083,34.8255,114.26,1.0515,2.44,60.0,34.98,1.047,0.18,5.6,2.3,38.0,100.0,0,ba2f3327-f04f27a6-108632,1,19.9,OK
23:34:32,corner,DynamicABS,DynamicABS1.pc,double,3,60,-0.2,0.25,0.95,1788676486-0084,37.6330,123.47,0.9730,2.60,60.0,37.98,0.964,0.23,7.2,2.7,54.7,98.8,0,ba2f3327-f04f27a6-108632,1,19.6,OK
23:34:52,corner,DynamicABS,DynamicABS1.pc,double,3,60,-0.25,0.75,0.95,1788676505-0085,43.3657,142.28,0.8444,3.42,60.0,46.73,0.784,0.63,20.4,11.1,115.3,92.7,0,ba2f3327-f04f27a6-108632,1,19.3,OK
23:35:11,corner,DynamicABS,DynamicABS1.pc,double,3,60,-0.5,1.0,0.95,1788676524-0086,48.1635,158.02,0.7603,3.62,60.0,51.86,0.706,0.89,29.9,21.0,115.7,88.5,0,ba2f3327-f04f27a6-108632,1,19.3,OK
23:35:30,corner,DynamicABS,DynamicABS1.pc,double,3,60,-0.75,0.05,0.95,1788676545-0087,41.8279,137.23,0.8754,2.71,60.0,42.09,0.870,0.25,9.0,7.3,30.3,91.9,0,ba2f3327-f04f27a6-108632,1,20.8,OK
23:35:51,corner,DynamicABS,DynamicABS1.pc,double,3,60,-1.0,0.5,0.95,1788676565-0088,45.5660,149.49,0.8036,3.33,60.0,48.21,0.760,0.62,20.6,13.5,94.1,90.7,0,ba2f3327-f04f27a6-108632,1,20.0,OK
23:36:11,corner,DynamicABS,DynamicABS1.pc,double,3,60,-0.05,0.1,1.0,1788676585-0089,30.8531,101.22,1.1869,2.22,60.0,30.87,1.186,0.08,2.5,1.2,12.7,100.0,0,ba2f3327-f04f27a6-108632,1,20.0,OK
23:36:31,corner,DynamicABS,DynamicABS1.pc,double,3,60,-0.1,0.05,1.0,1788676605-0090,32.0895,105.28,1.1411,2.27,60.0,32.17,1.138,0.07,2.1,1.0,15.8,100.0,0,ba2f3327-f04f27a6-108632,1,19.7,OK
23:36:51,corner,DynamicABS,DynamicABS1.pc,double,3,60,-0.15,0.05,1.0,1788676624-0091,34.0416,111.68,1.0757,2.37,60.0,34.22,1.070,0.08,2.6,1.3,21.9,100.0,0,ba2f3327-f04f27a6-108632,1,19.5,OK
23:37:10,corner,DynamicABS,DynamicABS1.pc,double,3,60,-0.2,0.2,1.0,1788676644-0092,36.7535,120.58,0.9963,2.53,60.0,36.98,0.990,0.20,6.2,2.3,46.5,99.9,0,ba2f3327-f04f27a6-108632,1,18.9,OK
23:37:29,corner,DynamicABS,DynamicABS1.pc,double,3,60,-0.25,1.0,1.0,1788676663-0093,43.4273,142.48,0.8432,3.32,60.0,46.09,0.795,0.82,27.4,18.3,107.4,92.7,0,ba2f3327-f04f27a6-108632,1,19.7,OK
23:37:49,corner,DynamicABS,DynamicABS1.pc,double,3,60,-0.5,0.5,1.0,1788676682-0094,46.7213,153.29,0.7838,4.53,60.0,55.48,0.660,0.50,16.0,6.4,145.8,89.7,0,ba2f3327-f04f27a6-108632,1,20.3,OK
23:38:09,corner,DynamicABS,DynamicABS1.pc,double,3,60,-0.75,0.2,1.0,1788676702-0095,42.2584,138.64,0.8665,2.79,60.0,42.70,0.858,0.35,11.9,7.9,55.6,93.8,0,ba2f3327-f04f27a6-108632,1,19.9,OK
23:38:29,corner,DynamicABS,DynamicABS1.pc,double,3,60,-1.0,0.75,1.0,1788676723-0096,46.0032,150.93,0.7960,3.42,60.0,49.17,0.745,0.81,26.9,18.7,102.7,90.3,0,ba2f3327-f04f27a6-108632,1,19.8,OK
23:39:15,corner,StockABS,StockABS1.pc,single,3,60,-0.05,0.0,0.75,1788676769-0001,33.9387,111.35,1.0789,2.43,60.0,34.01,1.077,0.05,1.5,0.6,11.9,100.0,0,,0,18.3,OK
23:39:33,corner,StockABS,StockABS1.pc,single,3,60,-0.1,0.0,0.75,1788676787-0002,36.5086,119.78,1.0030,2.57,60.0,36.88,0.993,0.10,3.1,1.1,26.2,100.0,0,,0,18.6,OK
23:39:52,corner,StockABS,StockABS1.pc,single,3,60,-0.15,0.0,0.75,1788676805-0003,41.0366,134.63,0.8923,2.84,60.0,42.24,0.867,0.15,4.6,1.6,44.7,95.1,0,,0,18.0,OK
23:40:10,corner,StockABS,StockABS1.pc,single,3,60,-0.2,0.0,0.75,1788676823-0004,45.7426,150.07,0.8005,3.26,60.0,49.01,0.747,0.20,6.2,2.0,70.0,90.5,0,,0,18.3,OK
23:40:28,corner,StockABS,StockABS1.pc,single,3,60,-0.25,0.0,0.75,1788676841-0005,48.6233,159.53,0.7531,3.68,60.0,54.75,0.669,0.25,7.8,2.7,93.9,88.1,0,,0,18.2,OK
23:40:46,corner,StockABS,StockABS1.pc,single,3,60,-0.5,0.0,0.75,1788676859-0006,48.1385,157.93,0.7607,3.64,60.0,54.62,0.670,0.50,16.3,9.8,102.5,88.5,0,,0,18.0,OK
23:41:04,corner,StockABS,StockABS1.pc,single,3,60,-0.75,0.0,0.75,1788676878-0007,47.7847,156.77,0.7663,3.52,60.0,52.79,0.694,0.75,25.3,19.1,91.3,88.8,0,,0,18.5,OK
23:41:23,corner,StockABS,StockABS1.pc,single,3,60,-1.0,0.0,0.75,1788676898-0008,48.6897,159.74,0.7521,3.56,60.0,53.26,0.688,1.00,35.3,29.4,87.5,87.5,0,,0,19.6,OK
23:41:43,corner,StockABS,StockABS1.pc,single,3,60,-0.05,0.0,0.8,1788676917-0009,33.1706,108.83,1.1039,2.38,60.0,33.22,1.102,0.05,1.6,0.6,10.7,100.0,0,,0,19.3,OK
23:42:02,corner,StockABS,StockABS1.pc,single,3,60,-0.1,0.0,0.8,1788676936-0010,35.4303,116.24,1.0335,2.51,60.0,35.72,1.025,0.10,3.1,1.2,23.7,100.0,0,,0,18.7,OK
23:42:21,corner,StockABS,StockABS1.pc,single,3,60,-0.15,0.0,0.8,1788676955-0011,39.0618,128.16,0.9374,2.72,60.0,39.97,0.916,0.15,4.6,1.8,40.0,97.2,0,,0,18.7,OK
23:42:39,corner,StockABS,StockABS1.pc,single,3,60,-0.2,0.0,0.8,1788676973-0012,44.8679,147.20,0.8161,3.17,60.0,47.74,0.767,0.20,6.2,2.3,65.9,91.3,0,,0,18.5,OK
23:42:58,corner,StockABS,StockABS1.pc,single,3,60,-0.25,0.0,0.8,1788676992-0013,48.7270,159.87,0.7515,3.61,60.0,54.25,0.675,0.25,7.8,3.0,88.6,88.0,0,,0,18.9,OK
23:43:17,corner,StockABS,StockABS1.pc,single,3,60,-0.5,0.0,0.8,1788677011-0014,47.0264,154.29,0.7787,3.47,60.0,52.31,0.700,0.50,16.2,10.3,93.3,89.4,0,,0,19.2,OK
23:43:36,corner,StockABS,StockABS1.pc,single,3,60,-0.75,0.0,0.8,1788677030-0015,47.6694,156.40,0.7682,3.52,60.0,52.75,0.694,0.75,25.3,19.0,92.3,88.9,0,,0,19.1,OK
23:43:55,corner,StockABS,StockABS1.pc,single,3,60,-1.0,0.0,0.8,1788677050-0016,48.7746,160.02,0.7508,3.58,60.0,53.58,0.683,1.00,35.3,29.3,89.5,87.5,0,,0,19.3,OK
23:44:14,corner,StockABS,StockABS1.pc,single,3,60,-0.05,0.0,0.85,1788677068-0017,32.5964,106.94,1.1234,2.34,60.0,32.64,1.122,0.05,1.5,0.7,9.9,100.0,0,,0,19.5,OK
23:44:34,corner,StockABS,StockABS1.pc,single,3,60,-0.1,0.0,0.85,1788677088-0018,34.5814,113.46,1.0589,2.44,60.0,34.82,1.052,0.10,3.1,1.4,21.6,100.0,0,,0,18.4,OK
23:44:52,corner,StockABS,StockABS1.pc,single,3,60,-0.15,0.0,0.85,1788677106-0019,37.8587,124.21,0.9672,2.64,60.0,38.62,0.948,0.15,4.6,1.9,36.9,98.6,0,,0,18.4,OK
23:45:11,corner,StockABS,StockABS1.pc,single,3,60,-0.2,0.0,0.85,1788677125-0020,44.6516,146.49,0.8201,3.15,60.0,47.53,0.770,0.20,6.2,2.2,66.4,91.5,0,,0,19.5,OK
23:45:30,corner,StockABS,StockABS1.pc,single,3,60,-0.25,0.0,0.85,1788677145-0021,47.7055,156.51,0.7676,3.52,60.0,52.72,0.695,0.25,7.8,3.0,85.3,88.8,0,,0,19.5,OK
23:45:50,corner,StockABS,StockABS1.pc,single,3,60,-0.5,0.0,0.85,1788677163-0022,46.7052,153.23,0.7840,3.46,60.0,51.96,0.705,0.50,16.3,10.2,93.2,89.7,0,,0,18.2,OK
23:46:08,corner,StockABS,StockABS1.pc,single,3,60,-0.75,0.0,0.85,1788677182-0023,47.0112,154.24,0.7789,3.42,60.0,51.43,0.712,0.75,25.2,19.3,86.4,89.4,0,,0,18.5,OK
23:46:26,corner,StockABS,StockABS1.pc,single,3,60,-1.0,0.0,0.85,1788677200-0024,48.4863,159.08,0.7552,3.52,60.0,52.90,0.692,1.00,35.3,29.5,86.0,87.8,0,,0,18.7,OK
23:46:45,corner,StockABS,StockABS1.pc,single,3,60,-0.05,0.0,0.9,1788677219-0025,32.1689,105.54,1.1383,2.31,60.0,32.21,1.137,0.05,1.6,0.7,9.1,100.0,0,,0,19.0,OK
23:47:04,corner,StockABS,StockABS1.pc,single,3,60,-0.1,0.0,0.9,1788677238-0026,34.5658,113.40,1.0594,2.42,60.0,34.79,1.052,0.10,3.1,1.4,21.3,100.0,0,,0,18.6,OK
23:47:23,corner,StockABS,StockABS1.pc,single,3,60,-0.15,0.0,0.9,1788677257-0027,38.1518,125.17,0.9598,2.66,60.0,38.94,0.940,0.15,4.6,1.9,37.7,98.2,0,,0,19.4,OK
23:47:42,corner,StockABS,StockABS1.pc,single,3,60,-0.2,0.0,0.9,1788677279-0028,41.9369,137.59,0.8732,2.92,60.0,43.78,0.836,0.20,6.2,2.6,55.2,94.1,0,,0,23.1,OK
23:48:05,corner,StockABS,StockABS1.pc,single,3,60,-0.25,0.0,0.9,1788677301-0029,47.0070,154.22,0.7790,3.42,60.0,51.53,0.711,0.25,7.8,3.1,82.0,89.4,0,,0,21.2,OK
23:48:26,corner,StockABS,StockABS1.pc,single,3,60,-0.5,0.0,0.9,1788677321-0030,45.9135,150.63,0.7975,3.37,60.0,50.51,0.725,0.50,16.3,10.4,87.4,90.4,0,,0,20.2,OK
23:48:46,corner,StockABS,StockABS1.pc,single,3,60,-0.75,0.0,0.9,1788677341-0031,47.0800,154.46,0.7778,3.42,60.0,51.45,0.712,0.75,25.3,19.4,86.0,89.4,0,,0,19.0,OK
23:49:05,corner,StockABS,StockABS1.pc,single,3,60,-1.0,0.0,0.9,1788677359-0032,48.5270,159.21,0.7546,3.54,60.0,53.09,0.690,1.00,35.3,29.2,87.9,88.0,0,,0,18.9,OK
23:49:24,corner,StockABS,StockABS1.pc,single,3,60,-0.05,0.0,0.95,1788677378-0033,31.9511,104.83,1.1461,2.29,60.0,31.99,1.145,0.05,1.6,0.7,9.5,100.0,0,,0,18.2,OK
23:49:43,corner,StockABS,StockABS1.pc,single,3,60,-0.1,0.0,0.95,1788677397-0034,33.6272,110.33,1.0889,2.39,60.0,33.82,1.083,0.10,3.1,1.4,20.1,100.0,0,,0,18.4,OK
23:50:01,corner,StockABS,StockABS1.pc,single,3,60,-0.15,0.0,0.95,1788677415-0035,38.8481,127.45,0.9426,2.68,60.0,39.71,0.922,0.15,4.6,1.9,39.1,97.4,0,,0,18.8,OK
23:50:20,corner,StockABS,StockABS1.pc,single,3,60,-0.2,0.0,0.95,1788677433-0036,43.6112,143.08,0.8396,3.05,60.0,45.94,0.797,0.20,6.2,2.4,60.4,92.5,0,,0,18.7,OK
23:50:39,corner,StockABS,StockABS1.pc,single,3,60,-0.25,0.0,0.95,1788677452-0037,45.6597,149.80,0.8020,3.23,60.0,49.03,0.747,0.25,7.8,3.4,72.2,90.6,0,,0,18.6,OK
23:50:57,corner,StockABS,StockABS1.pc,single,3,60,-0.5,0.0,0.95,1788677470-0038,46.3809,152.17,0.7895,3.37,60.0,50.93,0.719,0.50,16.3,10.6,86.4,90.0,0,,0,17.4,OK
23:51:15,corner,StockABS,StockABS1.pc,single,3,60,-0.75,0.0,0.95,1788677488-0039,46.7704,153.45,0.7829,3.39,60.0,51.01,0.718,0.75,25.3,19.3,85.2,89.6,0,,0,17.6,OK
23:51:32,corner,StockABS,StockABS1.pc,single,3,60,-1.0,0.0,0.95,1788677505-0040,48.3343,158.58,0.7576,3.49,60.0,52.65,0.696,1.00,35.3,29.4,85.7,88.0,0,,0,17.6,OK
23:51:50,corner,StockABS,StockABS1.pc,single,3,60,-0.05,0.0,1.0,1788677523-0041,31.6431,103.82,1.1572,2.27,60.0,31.68,1.156,0.05,1.6,0.7,8.8,100.0,0,,0,17.4,OK
23:52:07,corner,StockABS,StockABS1.pc,single,3,60,-0.1,0.0,1.0,1788677540-0042,34.0452,111.70,1.0756,2.40,60.0,34.25,1.069,0.10,3.1,1.4,20.4,100.0,0,,0,17.0,OK
23:52:24,corner,StockABS,StockABS1.pc,single,3,60,-0.15,0.0,1.0,1788677557-0043,37.7076,123.71,0.9711,2.61,60.0,38.43,0.953,0.15,4.6,2.0,36.3,98.8,0,,0,18.0,OK
23:52:42,corner,StockABS,StockABS1.pc,single,3,60,-0.2,0.0,1.0,1788677576-0044,41.9898,137.76,0.8721,2.90,60.0,43.78,0.836,0.20,6.2,2.6,54.2,94.1,0,,0,18.4,OK
23:53:01,corner,StockABS,StockABS1.pc,single,3,60,-0.25,0.0,1.0,1788677595-0045,44.2415,145.15,0.8277,3.12,60.0,47.00,0.779,0.25,7.8,3.5,66.7,91.9,0,,0,18.9,OK
23:53:20,corner,StockABS,StockABS1.pc,single,3,60,-0.5,0.0,1.0,1788677613-0046,45.5887,149.57,0.8032,3.30,60.0,49.78,0.736,0.50,16.2,10.6,83.9,90.7,0,,0,17.9,OK
23:53:38,corner,StockABS,StockABS1.pc,single,3,60,-0.75,0.0,1.0,1788677631-0047,47.0077,154.22,0.7790,3.40,60.0,51.37,0.713,0.75,25.3,19.5,85.3,89.4,0,,0,18.2,OK
23:53:56,corner,StockABS,StockABS1.pc,single,3,60,-1.0,0.0,1.0,1788677649-0048,48.3449,158.61,0.7574,3.48,60.0,52.56,0.697,1.00,35.3,29.5,84.4,87.7,0,,0,17.6,OK
23:54:14,corner,StockABS,StockABS1.pc,double,3,60,-0.05,0.05,0.75,1788677667-0049,33.8877,111.18,1.0806,2.42,60.0,33.91,1.080,0.05,1.5,0.6,11.6,100.0,0,,0,18.2,OK
23:54:32,corner,StockABS,StockABS1.pc,double,3,60,-0.1,0.5,0.75,1788677685-0050,39.2172,128.67,0.9337,2.88,60.0,40.34,0.908,0.39,12.1,6.7,61.6,97.0,0,,0,18.3,OK
23:54:50,corner,StockABS,StockABS1.pc,double,3,60,-0.15,0.1,0.75,1788677704-0051,39.2860,128.89,0.9321,2.68,60.0,39.45,0.928,0.12,3.5,1.4,32.9,96.9,0,,0,18.6,OK
23:55:09,corner,StockABS,StockABS1.pc,double,3,60,-0.2,0.5,0.75,1788677722-0052,47.3327,155.29,0.7736,3.77,60.0,52.74,0.694,0.43,13.8,4.6,140.3,89.1,0,,0,18.0,OK
23:55:27,corner,StockABS,StockABS1.pc,double,3,60,-0.25,0.5,0.75,1788677740-0053,46.9259,153.96,0.7803,3.35,60.0,49.20,0.744,0.44,13.9,6.9,107.4,89.5,0,,0,17.8,OK
23:55:45,corner,StockABS,StockABS1.pc,double,3,60,-0.5,1.0,0.75,1788677758-0054,49.7893,163.35,0.7355,3.54,60.0,52.36,0.699,0.89,29.8,23.6,92.8,85.4,0,,0,19.0,OK
23:56:04,corner,StockABS,StockABS1.pc,double,3,60,-0.75,0.15,0.75,1788677777-0055,42.7736,140.33,0.8561,2.87,60.0,43.06,0.850,0.31,10.8,7.9,43.4,91.1,0,,0,18.2,OK
23:56:22,corner,StockABS,StockABS1.pc,double,3,60,-1.0,0.2,0.75,1788677796-0056,44.3735,145.58,0.8252,2.99,60.0,44.90,0.816,0.42,15.1,11.5,53.6,88.9,0,,0,20.1,OK
23:56:42,corner,StockABS,StockABS1.pc,double,3,60,-0.05,1.0,0.8,1788677816-0057,37.4182,122.76,0.9786,2.84,60.0,38.58,0.949,0.71,24.2,18.7,54.1,99.1,0,,0,19.0,OK
23:57:01,corner,StockABS,StockABS1.pc,double,3,60,-0.1,0.1,0.8,1788677834-0058,35.1585,115.35,1.0415,2.47,60.0,35.23,1.040,0.10,3.0,1.3,22.2,100.0,0,,0,17.0,OK
23:57:18,corner,StockABS,StockABS1.pc,double,3,60,-0.15,0.2,0.8,1788677852-0059,39.4430,129.41,0.9284,2.73,60.0,39.76,0.921,0.19,5.7,2.3,45.4,96.8,0,,0,18.3,OK
23:57:37,corner,StockABS,StockABS1.pc,double,3,60,-0.2,0.5,0.8,1788677870-0060,46.7517,153.38,0.7832,3.66,60.0,51.13,0.716,0.43,13.7,5.4,122.6,89.6,0,,0,17.9,OK
23:57:55,corner,StockABS,StockABS1.pc,double,3,60,-0.25,0.15,0.8,1788677888-0061,43.0877,141.36,0.8498,2.89,60.0,43.41,0.844,0.18,5.6,2.6,49.7,91.3,0,,0,18.3,OK
23:58:13,corner,StockABS,StockABS1.pc,double,3,60,-0.5,0.1,0.8,1788677906-0062,40.7591,133.72,0.8984,2.73,60.0,40.95,0.894,0.22,7.2,5.1,33.5,94.1,0,,0,17.3,OK
23:58:30,corner,StockABS,StockABS1.pc,double,3,60,-0.75,0.5,0.8,1788677923-0063,46.6799,153.15,0.7845,3.32,60.0,48.96,0.748,0.56,18.2,12.3,85.9,89.7,0,,0,17.5,OK
23:58:48,corner,StockABS,StockABS1.pc,double,3,60,-1.0,0.15,0.8,1788677941-0064,42.6194,139.83,0.8592,2.84,60.0,42.87,0.854,0.38,14.0,11.3,40.7,90.8,0,,0,18.6,OK
23:59:06,corner,StockABS,StockABS1.pc,double,3,60,-0.05,0.5,0.85,1788677959-0065,35.4265,116.23,1.0336,2.64,60.0,36.22,1.011,0.36,11.2,6.5,45.4,100.0,0,,0,18.1,OK
23:59:25,corner,StockABS,StockABS1.pc,double,3,60,-0.1,0.15,0.85,1788677978-0066,34.9416,114.64,1.0480,2.47,60.0,35.03,1.045,0.13,4.1,1.9,26.1,100.0,0,,0,17.1,OK
23:59:42,corner,StockABS,StockABS1.pc,double,3,60,-0.15,0.05,0.85,1788677995-0067,37.6492,123.52,0.9726,2.57,60.0,37.83,0.968,0.08,2.5,1.2,23.9,98.8,0,,0,18.3,OK
00:00:00,corner,StockABS,StockABS1.pc,double,3,60,-0.2,0.5,0.85,1788678013-0068,46.1258,151.33,0.7939,3.44,60.0,49.33,0.742,0.43,13.5,6.1,108.3,90.2,0,,0,17.6,OK
00:00:18,corner,StockABS,StockABS1.pc,double,3,60,-0.25,0.15,0.85,1788678031-0069,42.4704,139.34,0.8622,2.84,60.0,42.77,0.856,0.18,5.6,2.8,47.3,92.4,0,,0,18.1,OK
00:00:36,corner,StockABS,StockABS1.pc,double,3,60,-0.5,0.75,0.85,1788678049-0070,47.5291,155.94,0.7704,3.36,60.0,49.77,0.736,0.69,22.4,16.4,86.6,89.0,0,,0,17.5,OK
00:00:53,corner,StockABS,StockABS1.pc,double,3,60,-0.75,0.2,0.85,1788678067-0071,42.9028,140.76,0.8535,2.87,60.0,43.27,0.846,0.36,12.2,8.9,48.5,91.7,0,,0,19.0,OK
00:01:12,corner,StockABS,StockABS1.pc,double,3,60,-1.0,0.5,0.85,1788678086-0072,46.8680,153.77,0.7813,3.32,60.0,49.09,0.746,0.62,20.8,15.1,83.4,89.5,0,,0,19.2,OK
00:01:32,corner,StockABS,StockABS1.pc,double,3,60,-0.05,0.5,0.9,1788678105-0073,34.2899,112.50,1.0679,2.54,60.0,34.83,1.051,0.35,11.0,6.6,39.2,100.0,0,,0,17.9,OK
00:01:50,corner,StockABS,StockABS1.pc,double,3,60,-0.1,1.0,0.9,1788678124-0074,38.8875,127.58,0.9416,2.88,60.0,39.92,0.917,0.74,24.6,19.2,59.5,97.4,0,,0,20.2,OK
00:02:10,corner,StockABS,StockABS1.pc,double,3,60,-0.15,0.2,0.9,1788678146-0075,38.0759,124.92,0.9617,2.63,60.0,38.31,0.956,0.18,5.6,2.5,41.0,98.3,0,,0,21.9,OK
00:02:32,corner,StockABS,StockABS1.pc,double,3,60,-0.2,0.05,0.9,1788678168-0076,40.2848,132.17,0.9090,2.70,60.0,40.63,0.901,0.10,3.0,1.5,30.6,95.4,0,,0,20.6,OK
00:02:52,corner,StockABS,StockABS1.pc,double,3,60,-0.25,0.25,0.9,1788678187-0077,43.9259,144.11,0.8336,3.03,60.0,44.84,0.817,0.25,7.8,3.0,72.8,92.2,0,,0,21.2,OK
00:03:13,corner,StockABS,StockABS1.pc,double,3,60,-0.5,0.1,0.9,1788678207-0078,40.3630,132.42,0.9072,2.68,60.0,40.55,0.903,0.22,7.3,5.3,32.2,95.0,0,,0,19.0,OK
00:03:32,corner,StockABS,StockABS1.pc,double,3,60,-0.75,0.05,0.9,1788678226-0079,40.1289,131.66,0.9125,2.66,60.0,40.32,0.908,0.26,9.3,8.0,24.3,94.4,0,,0,18.5,OK
00:03:51,corner,StockABS,StockABS1.pc,double,3,60,-1.0,0.75,0.9,1788678245-0080,47.4652,155.73,0.7715,3.33,60.0,49.56,0.739,0.81,27.0,21.2,81.8,88.1,0,,0,18.3,OK
00:04:09,corner,StockABS,StockABS1.pc,double,3,60,-0.05,0.2,0.95,1788678263-0081,32.3677,106.19,1.1313,2.34,60.0,32.45,1.129,0.14,4.5,2.3,19.3,100.0,0,,0,17.8,OK
00:04:27,corner,StockABS,StockABS1.pc,double,3,60,-0.1,1.0,0.95,1788678281-0082,38.5969,126.63,0.9487,2.85,60.0,39.61,0.925,0.73,24.6,19.2,58.4,97.7,0,,0,19.2,OK
00:04:46,corner,StockABS,StockABS1.pc,double,3,60,-0.15,0.2,0.95,1788678300-0083,36.5183,119.81,1.0027,2.55,60.0,36.70,0.998,0.18,5.6,2.6,36.6,100.0,0,,0,18.6,OK
00:05:05,corner,StockABS,StockABS1.pc,double,3,60,-0.2,0.25,0.95,1788678319-0084,41.6236,136.56,0.8797,2.86,60.0,42.20,0.868,0.24,7.3,3.0,59.9,94.5,0,,0,19.0,OK
00:05:24,corner,StockABS,StockABS1.pc,double,3,60,-0.25,0.75,0.95,1788678339-0085,46.5135,152.60,0.7873,3.36,60.0,48.98,0.748,0.63,20.3,13.8,94.9,89.9,0,,0,20.0,OK
00:05:44,corner,StockABS,StockABS1.pc,double,3,60,-0.5,1.0,0.95,1788678357-0086,46.7805,153.48,0.7828,3.32,60.0,48.62,0.753,0.87,29.1,23.1,82.3,89.6,0,,0,18.7,OK
00:06:03,corner,StockABS,StockABS1.pc,double,3,60,-0.75,0.05,0.95,1788678376-0087,40.0674,131.45,0.9139,2.65,60.0,40.26,0.910,0.26,9.3,8.0,24.5,94.6,0,,0,18.0,OK
00:06:21,corner,StockABS,StockABS1.pc,double,3,60,-1.0,0.5,0.95,1788678395-0088,46.4470,152.39,0.7884,3.23,60.0,48.24,0.759,0.62,20.9,15.6,77.7,89.9,0,,0,18.4,OK
00:06:39,corner,StockABS,StockABS1.pc,double,3,60,-0.05,0.1,1.0,1788678413-0089,31.6058,103.69,1.1586,2.28,60.0,31.62,1.158,0.08,2.5,1.3,11.3,100.0,0,,0,18.6,OK
00:06:58,corner,StockABS,StockABS1.pc,double,3,60,-0.1,0.05,1.0,1788678431-0090,33.4604,109.78,1.0944,2.36,60.0,33.52,1.093,0.07,2.1,1.1,14.5,100.0,0,,0,18.7,OK
00:07:17,corner,StockABS,StockABS1.pc,double,3,60,-0.15,0.05,1.0,1788678450-0091,35.5694,116.70,1.0295,2.46,60.0,35.70,1.026,0.08,2.6,1.4,20.2,100.0,0,,0,18.4,OK
00:07:35,corner,StockABS,StockABS1.pc,double,3,60,-0.2,0.2,1.0,1788678469-0092,39.4369,129.39,0.9285,2.69,60.0,39.72,0.922,0.20,6.2,2.8,46.5,96.8,0,,0,18.5,OK
00:07:54,corner,StockABS,StockABS1.pc,double,3,60,-0.25,1.0,1.0,1788678487-0093,47.0321,154.30,0.7786,3.37,60.0,49.16,0.745,0.82,27.5,21.1,90.6,89.4,0,,0,18.3,OK
00:08:12,corner,StockABS,StockABS1.pc,double,3,60,-0.5,0.5,1.0,1788678506-0094,45.4243,149.03,0.8061,3.20,60.0,47.30,0.774,0.50,15.9,10.2,81.4,90.8,0,,0,19.5,OK
00:08:32,corner,StockABS,StockABS1.pc,double,3,60,-0.75,0.2,1.0,1788678528-0095,41.1020,134.85,0.8909,2.74,60.0,41.37,0.885,0.36,12.1,9.1,43.0,94.8,0,,0,20.8,OK
00:08:52,corner,StockABS,StockABS1.pc,double,3,60,-1.0,0.75,1.0,1788678547-0096,47.2136,154.90,0.7756,3.31,60.0,49.27,0.743,0.81,27.1,21.2,82.2,88.3,0,,0,20.4,OK
00:09:38,corner,StockABS_TC_ESC,StockABSTCESC1.pc,single,3,60,-0.05,0.0,0.75,1788678593-0001,33.9342,111.33,1.0791,2.43,60.0,34.00,1.077,0.05,1.5,0.6,12.0,100.0,0,,0,20.6,OK
00:09:59,corner,StockABS_TC_ESC,StockABSTCESC1.pc,single,3,60,-0.1,0.0,0.75,1788678612-0002,36.3291,119.19,1.0079,2.56,60.0,36.69,0.998,0.10,3.1,1.1,26.0,100.0,0,,0,19.0,OK
00:10:18,corner,StockABS_TC_ESC,StockABSTCESC1.pc,single,3,60,-0.15,0.0,0.75,1788678632-0003,40.0738,131.48,0.9138,2.79,60.0,41.13,0.890,0.15,4.6,1.6,42.7,96.1,0,,0,18.7,OK
00:10:36,corner,StockABS_TC_ESC,StockABSTCESC1.pc,single,3,60,-0.2,0.0,0.75,1788678651-0004,46.1866,151.53,0.7928,3.31,60.0,49.65,0.738,0.20,6.2,2.1,71.4,90.1,0,,0,19.2,OK
00:10:56,corner,StockABS_TC_ESC,StockABSTCESC1.pc,single,3,60,-0.25,0.0,0.75,1788678671-0005,49.8595,163.58,0.7344,3.96,60.0,58.00,0.631,0.25,7.8,2.5,106.1,87.1,0,,0,21.4,OK
00:11:17,corner,StockABS_TC_ESC,StockABSTCESC1.pc,single,3,60,-0.5,0.0,0.75,1788678692-0006,47.8167,156.88,0.7658,3.61,60.0,54.06,0.677,0.50,16.3,10.0,100.3,88.7,0,,0,20.4,OK
00:11:37,corner,StockABS_TC_ESC,StockABSTCESC1.pc,single,3,60,-0.75,0.0,0.75,1788678711-0007,47.9391,157.28,0.7638,3.55,60.0,53.17,0.689,0.75,25.3,19.1,93.1,88.6,0,,0,19.6,OK
00:11:57,corner,StockABS_TC_ESC,StockABSTCESC1.pc,single,3,60,-1.0,0.0,0.75,1788678731-0008,48.8027,160.11,0.7503,3.60,60.0,53.68,0.682,1.00,35.4,29.0,92.5,87.8,0,,0,18.4,OK
00:12:15,corner,StockABS_TC_ESC,StockABSTCESC1.pc,single,3,60,-0.05,0.0,0.8,1788678749-0009,33.0750,108.51,1.1071,2.38,60.0,33.13,1.105,0.05,1.5,0.7,10.6,100.0,0,,0,18.8,OK
00:12:34,corner,StockABS_TC_ESC,StockABSTCESC1.pc,single,3,60,-0.1,0.0,0.8,1788678768-0010,35.5825,116.74,1.0291,2.51,60.0,35.88,1.020,0.10,3.1,1.2,24.2,100.0,0,,0,17.8,OK
00:12:52,corner,StockABS_TC_ESC,StockABSTCESC1.pc,single,3,60,-0.15,0.0,0.8,1788678786-0011,39.5980,129.91,0.9248,2.75,60.0,40.56,0.903,0.15,4.6,1.8,40.7,96.6,0,,0,17.8,OK
00:13:10,corner,StockABS_TC_ESC,StockABSTCESC1.pc,single,3,60,-0.2,0.0,0.8,1788678803-0012,44.7527,146.83,0.8182,3.15,60.0,47.50,0.771,0.20,6.2,2.4,64.4,91.4,0,,0,17.8,OK
00:13:28,corner,StockABS_TC_ESC,StockABSTCESC1.pc,single,3,60,-0.25,0.0,0.8,1788678821-0013,47.5969,156.16,0.7693,3.46,60.0,52.11,0.703,0.25,7.8,3.1,81.4,88.9,0,,0,20.9,OK
00:13:49,corner,StockABS_TC_ESC,StockABSTCESC1.pc,single,3,60,-0.5,0.0,0.8,1788678844-0014,47.1639,154.74,0.7764,3.55,60.0,53.02,0.691,0.50,16.3,10.0,97.9,89.3,0,,0,20.1,OK
00:14:09,corner,StockABS_TC_ESC,StockABSTCESC1.pc,single,3,60,-0.75,0.0,0.8,1788678863-0015,47.3976,155.50,0.7726,3.46,60.0,52.08,0.703,0.75,25.2,19.2,88.9,89.1,0,,0,18.9,OK
00:14:28,corner,StockABS_TC_ESC,StockABSTCESC1.pc,single,3,60,-1.0,0.0,0.8,1788678881-0016,48.6681,159.67,0.7524,3.65,60.0,54.02,0.678,1.00,35.4,28.1,99.1,88.0,0,,0,18.0,OK
00:14:46,corner,StockABS_TC_ESC,StockABSTCESC1.pc,single,3,60,-0.05,0.0,0.85,1788678899-0017,32.5494,106.79,1.1250,2.33,60.0,32.59,1.123,0.05,1.5,0.7,9.7,100.0,0,,0,18.3,OK
00:15:04,corner,StockABS_TC_ESC,StockABSTCESC1.pc,single,3,60,-0.1,0.0,0.85,1788678918-0018,34.8132,114.22,1.0518,2.46,60.0,35.07,1.044,0.10,3.1,1.3,22.5,100.0,0,,0,18.6,OK
00:15:23,corner,StockABS_TC_ESC,StockABSTCESC1.pc,single,3,60,-0.15,0.0,0.85,1788678936-0019,39.2302,128.71,0.9334,2.71,60.0,40.14,0.912,0.15,4.6,1.9,39.8,97.0,0,,0,17.2,OK
00:15:40,corner,StockABS_TC_ESC,StockABSTCESC1.pc,single,3,60,-0.2,0.0,0.85,1788678953-0020,43.5576,142.91,0.8407,3.05,60.0,45.94,0.797,0.20,6.2,2.4,61.1,92.5,0,,0,17.8,OK
00:15:58,corner,StockABS_TC_ESC,StockABSTCESC1.pc,single,3,60,-0.25,0.0,0.85,1788678970-0021,47.9711,157.39,0.7633,3.49,60.0,52.76,0.694,0.25,7.8,3.1,83.2,88.6,0,,0,17.2,OK
00:16:15,corner,StockABS_TC_ESC,StockABSTCESC1.pc,single,3,60,-0.5,0.0,0.85,1788678988-0022,46.8307,153.64,0.7819,3.50,60.0,52.37,0.699,0.50,16.3,10.2,95.2,89.6,0,,0,17.4,OK
00:16:32,corner,StockABS_TC_ESC,StockABSTCESC1.pc,single,3,60,-0.75,0.0,0.85,1788679006-0023,47.2827,155.13,0.7745,3.44,60.0,51.86,0.706,0.75,25.2,19.2,88.1,89.2,0,,0,17.7,OK
00:16:50,corner,StockABS_TC_ESC,StockABSTCESC1.pc,single,3,60,-1.0,0.0,0.85,1788679023-0024,48.7049,159.79,0.7518,3.59,60.0,53.53,0.684,1.00,35.4,29.1,92.3,87.6,0,,0,17.6,OK
00:17:08,corner,StockABS_TC_ESC,StockABSTCESC1.pc,single,3,60,-0.05,0.0,0.9,1788679041-0025,32.2287,105.74,1.1362,2.31,60.0,32.27,1.135,0.05,1.6,0.7,9.5,100.0,0,,0,17.1,OK
00:17:25,corner,StockABS_TC_ESC,StockABSTCESC1.pc,single,3,60,-0.1,0.0,0.9,1788679058-0026,34.2305,112.30,1.0697,2.42,60.0,34.45,1.063,0.10,3.1,1.4,21.0,100.0,0,,0,17.0,OK
00:17:42,corner,StockABS_TC_ESC,StockABSTCESC1.pc,single,3,60,-0.15,0.0,0.9,1788679075-0027,38.4184,126.04,0.9531,2.65,60.0,39.21,0.934,0.15,4.6,2.0,37.4,97.9,0,,0,17.1,OK
00:17:59,corner,StockABS_TC_ESC,StockABSTCESC1.pc,single,3,60,-0.2,0.0,0.9,1788679093-0028,44.7583,146.84,0.8181,3.16,60.0,47.67,0.768,0.20,6.2,2.2,66.5,91.4,0,,0,18.6,OK
00:18:18,corner,StockABS_TC_ESC,StockABSTCESC1.pc,single,3,60,-0.25,0.0,0.9,1788679111-0029,43.9451,144.18,0.8333,3.09,60.0,46.71,0.784,0.25,7.8,3.6,66.8,92.2,0,,0,17.3,OK
00:18:35,corner,StockABS_TC_ESC,StockABSTCESC1.pc,single,3,60,-0.5,0.0,0.9,1788679129-0030,46.4380,152.36,0.7885,3.37,60.0,51.07,0.717,0.50,16.3,10.6,87.5,89.9,0,,0,18.6,OK
00:18:54,corner,StockABS_TC_ESC,StockABSTCESC1.pc,single,3,60,-0.75,0.0,0.9,1788679147-0031,47.1141,154.57,0.7772,3.42,60.0,51.60,0.710,0.75,25.2,19.2,87.2,89.3,0,,0,18.1,OK
00:19:12,corner,StockABS_TC_ESC,StockABSTCESC1.pc,single,3,60,-1.0,0.0,0.9,1788679165-0032,48.6015,159.45,0.7534,3.57,60.0,53.31,0.687,1.00,35.3,28.8,92.3,87.3,0,,0,17.7,OK
00:19:30,corner,StockABS_TC_ESC,StockABSTCESC1.pc,single,3,60,-0.05,0.0,0.95,1788679183-0033,31.7277,104.09,1.1541,2.29,60.0,31.76,1.153,0.05,1.5,0.7,8.9,100.0,0,,0,17.0,OK
00:19:47,corner,StockABS_TC_ESC,StockABSTCESC1.pc,single,3,60,-0.1,0.0,0.95,1788679199-0034,33.5170,109.96,1.0925,2.37,60.0,33.70,1.087,0.10,3.1,1.5,19.4,100.0,0,,0,17.5,OK
00:20:04,corner,StockABS_TC_ESC,StockABSTCESC1.pc,single,3,60,-0.15,0.0,0.95,1788679217-0035,37.3247,122.46,0.9811,2.59,60.0,37.99,0.964,0.15,4.6,2.0,35.0,99.2,0,,0,17.2,OK
00:20:21,corner,StockABS_TC_ESC,StockABSTCESC1.pc,single,3,60,-0.2,0.0,0.95,1788679234-0036,43.4285,142.48,0.8432,3.02,60.0,45.69,0.801,0.20,6.2,2.5,59.6,92.7,0,,0,17.6,OK
00:20:39,corner,StockABS_TC_ESC,StockABSTCESC1.pc,single,3,60,-0.25,0.0,0.95,1788679252-0037,45.2763,148.54,0.8088,3.23,60.0,48.73,0.751,0.25,7.8,3.3,73.4,90.9,0,,0,18.3,OK
00:20:57,corner,StockABS_TC_ESC,StockABSTCESC1.pc,single,3,60,-0.5,0.0,0.95,1788679270-0038,45.8842,150.54,0.7980,3.32,60.0,50.13,0.730,0.50,16.3,10.6,84.4,90.4,0,,0,17.6,OK
00:21:15,corner,StockABS_TC_ESC,StockABSTCESC1.pc,single,3,60,-0.75,0.0,0.95,1788679288-0039,46.9737,154.11,0.7795,3.39,60.0,51.26,0.714,0.75,25.3,19.4,85.2,89.5,0,,0,17.9,OK
00:21:33,corner,StockABS_TC_ESC,StockABSTCESC1.pc,single,3,60,-1.0,0.0,0.95,1788679306-0040,48.6659,159.67,0.7524,3.58,60.0,53.46,0.685,1.00,35.3,28.8,92.4,88.0,0,,0,17.2,OK
00:21:51,corner,StockABS_TC_ESC,StockABSTCESC1.pc,single,3,60,-0.05,0.0,1.0,1788679323-0041,31.6233,103.75,1.1580,2.27,60.0,31.66,1.157,0.05,1.6,0.7,8.9,100.0,0,,0,17.2,OK
00:22:08,corner,StockABS_TC_ESC,StockABSTCESC1.pc,single,3,60,-0.1,0.0,1.0,1788679341-0042,33.1467,108.75,1.1047,2.35,60.0,33.32,1.099,0.10,3.1,1.4,19.2,100.0,0,,0,18.0,OK
00:22:26,corner,StockABS_TC_ESC,StockABSTCESC1.pc,single,3,60,-0.15,0.0,1.0,1788679359-0043,36.3936,119.40,1.0062,2.53,60.0,36.92,0.992,0.15,4.6,2.2,31.5,100.0,0,,0,18.4,OK
00:22:44,corner,StockABS_TC_ESC,StockABSTCESC1.pc,single,3,60,-0.2,0.0,1.0,1788679377-0044,42.8951,140.73,0.8537,2.99,60.0,45.04,0.813,0.20,6.2,2.4,58.5,93.2,0,,0,18.2,OK
00:23:02,corner,StockABS_TC_ESC,StockABSTCESC1.pc,single,3,60,-0.25,0.0,1.0,1788679396-0045,45.0836,147.91,0.8122,3.18,60.0,48.31,0.758,0.25,7.8,3.5,70.8,91.1,0,,0,18.7,OK
00:23:21,corner,StockABS_TC_ESC,StockABSTCESC1.pc,single,3,60,-0.5,0.0,1.0,1788679416-0046,46.0998,151.25,0.7943,3.31,60.0,50.17,0.730,0.50,16.2,10.9,82.0,90.2,0,,0,20.4,OK
00:23:42,corner,StockABS_TC_ESC,StockABSTCESC1.pc,single,3,60,-0.75,0.0,1.0,1788679436-0047,46.3843,152.18,0.7894,3.33,60.0,50.33,0.728,0.75,25.2,19.5,82.2,90.0,0,,0,18.9,OK
00:24:01,corner,StockABS_TC_ESC,StockABSTCESC1.pc,single,3,60,-1.0,0.0,1.0,1788679456-0048,48.5081,159.15,0.7549,3.57,60.0,53.23,0.688,1.00,35.3,28.8,92.2,87.5,0,,0,21.2,OK
00:24:22,corner,StockABS_TC_ESC,StockABSTCESC1.pc,double,3,60,-0.05,0.05,0.75,1788679479-0049,34.0297,111.65,1.0761,2.44,60.0,34.05,1.075,0.05,1.5,0.6,11.6,100.0,0,,0,23.2,OK
00:24:45,corner,StockABS_TC_ESC,StockABSTCESC1.pc,double,3,60,-0.1,0.5,0.75,1788679499-0050,39.4840,129.54,0.9274,2.90,60.0,40.68,0.900,0.39,12.1,6.7,63.0,96.7,0,,0,18.8,OK
00:25:04,corner,StockABS_TC_ESC,StockABSTCESC1.pc,double,3,60,-0.15,0.1,0.75,1788679517-0051,38.8990,127.62,0.9414,2.66,60.0,39.06,0.938,0.12,3.6,1.4,32.0,97.4,0,,0,18.7,OK
00:25:22,corner,StockABS_TC_ESC,StockABSTCESC1.pc,double,3,60,-0.2,0.5,0.75,1788679536-0052,47.3940,155.49,0.7726,3.49,60.0,50.59,0.724,0.43,13.5,6.6,110.3,89.1,0,,0,18.5,OK
00:25:41,corner,StockABS_TC_ESC,StockABSTCESC1.pc,double,3,60,-0.25,0.5,0.75,1788679555-0053,46.3379,152.03,0.7902,3.16,60.0,47.47,0.771,0.44,13.7,9.2,84.8,90.0,0,,0,18.0,OK
00:25:59,corner,StockABS_TC_ESC,StockABSTCESC1.pc,double,3,60,-0.5,1.0,0.75,1788679574-0054,49.5544,162.58,0.7390,3.57,60.0,52.29,0.700,0.89,29.9,23.3,96.6,85.6,0,,0,19.1,OK
00:26:18,corner,StockABS_TC_ESC,StockABSTCESC1.pc,double,3,60,-0.75,0.15,0.75,1788679593-0055,42.8049,140.44,0.8555,2.88,60.0,43.11,0.850,0.32,10.7,7.8,43.6,90.8,0,,0,20.0,OK
00:26:38,corner,StockABS_TC_ESC,StockABSTCESC1.pc,double,3,60,-1.0,0.2,0.75,1788679613-0056,44.0229,144.43,0.8318,2.98,60.0,44.62,0.821,0.41,14.5,10.8,54.0,90.0,0,,0,19.5,OK
00:26:58,corner,StockABS_TC_ESC,StockABSTCESC1.pc,double,3,60,-0.05,1.0,0.8,1788679631-0057,37.3953,122.69,0.9792,2.89,60.0,38.67,0.947,0.72,24.3,18.3,58.3,99.1,0,,0,18.1,OK
00:27:16,corner,StockABS_TC_ESC,StockABSTCESC1.pc,double,3,60,-0.1,0.1,0.8,1788679650-0058,35.3935,116.12,1.0346,2.49,60.0,35.46,1.033,0.10,3.0,1.3,22.5,100.0,0,,0,19.1,OK
00:27:35,corner,StockABS_TC_ESC,StockABSTCESC1.pc,double,3,60,-0.15,0.2,0.8,1788679668-0059,39.5498,129.76,0.9259,2.74,60.0,39.87,0.918,0.19,5.7,2.3,46.2,96.7,0,,0,18.0,OK
00:27:53,corner,StockABS_TC_ESC,StockABSTCESC1.pc,double,3,60,-0.2,0.5,0.8,1788679686-0060,45.7320,150.04,0.8007,3.41,60.0,48.72,0.752,0.43,13.5,6.4,103.3,90.5,0,,0,17.7,OK
00:28:11,corner,StockABS_TC_ESC,StockABSTCESC1.pc,double,3,60,-0.25,0.15,0.8,1788679704-0061,42.8967,140.74,0.8536,2.86,60.0,43.21,0.847,0.18,5.6,2.6,49.0,91.5,0,,0,17.9,OK
00:28:29,corner,StockABS_TC_ESC,StockABSTCESC1.pc,double,3,60,-0.5,0.1,0.8,1788679722-0062,41.4926,136.13,0.8825,2.77,60.0,41.70,0.878,0.21,7.2,5.0,35.0,92.8,0,,0,18.7,OK
00:28:48,corner,StockABS_TC_ESC,StockABSTCESC1.pc,double,3,60,-0.75,0.5,0.8,1788679741-0063,46.6483,153.05,0.7850,3.31,60.0,48.83,0.750,0.56,18.2,12.6,83.7,89.7,0,,0,17.8,OK
00:29:05,corner,StockABS_TC_ESC,StockABSTCESC1.pc,double,3,60,-1.0,0.15,0.8,1788679758-0064,42.3837,139.05,0.8640,2.82,60.0,42.63,0.859,0.39,13.9,11.3,39.9,91.2,0,,0,17.3,OK
00:29:23,corner,StockABS_TC_ESC,StockABSTCESC1.pc,double,3,60,-0.05,0.5,0.85,1788679776-0065,34.8119,114.21,1.0519,2.58,60.0,35.40,1.034,0.35,11.0,6.5,41.3,100.0,0,,0,17.6,OK
00:29:40,corner,StockABS_TC_ESC,StockABSTCESC1.pc,double,3,60,-0.1,0.15,0.85,1788679793-0066,35.0491,114.99,1.0448,2.48,60.0,35.14,1.042,0.13,4.1,1.8,26.6,100.0,0,,0,16.8,OK
00:29:57,corner,StockABS_TC_ESC,StockABSTCESC1.pc,double,3,60,-0.15,0.05,0.85,1788679810-0067,37.6176,123.42,0.9734,2.57,60.0,37.80,0.969,0.08,2.6,1.2,23.9,98.9,0,,0,16.9,OK
00:30:14,corner,StockABS_TC_ESC,StockABSTCESC1.pc,double,3,60,-0.2,0.5,0.85,1788679827-0068,46.0387,151.05,0.7954,3.47,60.0,49.42,0.741,0.43,13.5,6.0,109.7,90.3,0,,0,17.4,OK
00:30:32,corner,StockABS_TC_ESC,StockABSTCESC1.pc,double,3,60,-0.25,0.15,0.85,1788679845-0069,42.3146,138.83,0.8654,2.83,60.0,42.61,0.859,0.18,5.6,2.7,47.4,92.5,0,,0,18.0,OK
00:30:50,corner,StockABS_TC_ESC,StockABSTCESC1.pc,double,3,60,-0.5,0.75,0.85,1788679863-0070,46.7196,153.28,0.7838,3.30,60.0,48.77,0.751,0.69,22.3,16.1,85.1,89.7,0,,0,17.4,OK
00:31:07,corner,StockABS_TC_ESC,StockABSTCESC1.pc,double,3,60,-0.75,0.2,0.85,1788679880-0071,42.4293,139.20,0.8630,2.84,60.0,42.81,0.855,0.35,11.9,8.6,47.9,92.7,0,,0,18.1,OK
00:31:25,corner,StockABS_TC_ESC,StockABSTCESC1.pc,double,3,60,-1.0,0.5,0.85,1788679898-0072,46.8479,153.70,0.7816,3.29,60.0,48.90,0.749,0.62,20.8,15.3,81.0,89.6,0,,0,17.5,OK
00:31:43,corner,StockABS_TC_ESC,StockABSTCESC1.pc,double,3,60,-0.05,0.5,0.9,1788679916-0073,34.7356,113.96,1.0542,2.60,60.0,35.46,1.033,0.35,11.1,6.4,44.0,100.0,0,,0,17.0,OK
00:32:00,corner,StockABS_TC_ESC,StockABSTCESC1.pc,double,3,60,-0.1,1.0,0.9,1788679933-0074,39.3905,129.23,0.9296,3.01,60.0,40.80,0.897,0.75,25.2,18.6,69.0,96.8,0,,0,17.8,OK
00:32:18,corner,StockABS_TC_ESC,StockABSTCESC1.pc,double,3,60,-0.15,0.2,0.9,1788679951-0075,38.0094,124.70,0.9634,2.63,60.0,38.22,0.958,0.18,5.7,2.6,39.9,98.4,0,,0,17.8,OK
00:32:36,corner,StockABS_TC_ESC,StockABSTCESC1.pc,double,3,60,-0.2,0.05,0.9,1788679969-0076,40.0991,131.56,0.9132,2.69,60.0,40.44,0.906,0.10,3.0,1.5,30.4,95.5,0,,0,18.1,OK
00:32:54,corner,StockABS_TC_ESC,StockABSTCESC1.pc,double,3,60,-0.25,0.25,0.9,1788679987-0077,44.5894,146.29,0.8212,3.06,60.0,45.49,0.805,0.25,7.8,3.1,73.1,91.4,0,,0,18.6,OK
00:33:12,corner,StockABS_TC_ESC,StockABSTCESC1.pc,double,3,60,-0.5,0.1,0.9,1788680006-0078,40.2296,131.99,0.9102,2.68,60.0,40.41,0.906,0.22,7.3,5.3,31.9,95.1,0,,0,18.8,OK
00:33:31,corner,StockABS_TC_ESC,StockABSTCESC1.pc,double,3,60,-0.75,0.05,0.9,1788680024-0079,40.2168,131.94,0.9105,2.66,60.0,40.41,0.906,0.26,9.3,7.9,24.5,94.1,0,,0,17.0,OK
00:33:48,corner,StockABS_TC_ESC,StockABSTCESC1.pc,double,3,60,-1.0,0.75,0.9,1788680041-0080,47.3739,155.43,0.7730,3.32,60.0,49.43,0.741,0.81,27.1,21.4,81.3,87.9,0,,0,17.5,OK
00:34:06,corner,StockABS_TC_ESC,StockABSTCESC1.pc,double,3,60,-0.05,0.2,0.95,1788680059-0081,32.4285,106.39,1.1292,2.34,60.0,32.51,1.126,0.15,4.5,2.3,19.3,100.0,0,,0,17.1,OK
00:34:23,corner,StockABS_TC_ESC,StockABSTCESC1.pc,double,3,60,-0.1,1.0,0.95,1788680076-0082,38.7083,127.00,0.9460,2.98,60.0,40.11,0.913,0.75,25.1,17.6,71.1,97.6,0,,0,18.3,OK
00:34:41,corner,StockABS_TC_ESC,StockABSTCESC1.pc,double,3,60,-0.15,0.2,0.95,1788680094-0083,37.3051,122.39,0.9816,2.59,60.0,37.48,0.977,0.18,5.6,2.7,37.5,99.2,0,,0,17.8,OK
00:34:59,corner,StockABS_TC_ESC,StockABSTCESC1.pc,double,3,60,-0.2,0.25,0.95,1788680112-0084,41.6322,136.59,0.8796,2.85,60.0,42.18,0.868,0.24,7.3,3.1,58.8,94.4,0,,0,17.5,OK
00:35:17,corner,StockABS_TC_ESC,StockABSTCESC1.pc,double,3,60,-0.25,0.75,0.95,1788680129-0085,46.6443,153.03,0.7850,3.36,60.0,49.08,0.746,0.63,20.3,13.5,96.8,89.7,0,,0,17.1,OK
00:35:34,corner,StockABS_TC_ESC,StockABSTCESC1.pc,double,3,60,-0.5,1.0,0.95,1788680147-0086,48.3515,158.63,0.7573,3.48,60.0,50.73,0.722,0.89,29.7,23.3,91.1,86.6,0,,0,18.1,OK
00:35:52,corner,StockABS_TC_ESC,StockABSTCESC1.pc,double,3,60,-0.75,0.05,0.95,1788680165-0087,40.0058,131.25,0.9153,2.64,60.0,40.20,0.911,0.26,9.3,8.0,24.3,94.8,0,,0,17.6,OK
00:36:09,corner,StockABS_TC_ESC,StockABSTCESC1.pc,double,3,60,-1.0,0.5,0.95,1788680182-0088,47.0154,154.25,0.7789,3.31,60.0,49.21,0.744,0.62,20.8,15.1,83.8,89.4,0,,0,17.3,OK
00:36:27,corner,StockABS_TC_ESC,StockABSTCESC1.pc,double,3,60,-0.05,0.1,1.0,1788680200-0089,31.6265,103.76,1.1578,2.28,60.0,31.64,1.157,0.08,2.5,1.3,11.2,100.0,0,,0,17.8,OK
00:36:45,corner,StockABS_TC_ESC,StockABSTCESC1.pc,double,3,60,-0.1,0.05,1.0,1788680217-0090,33.8873,111.18,1.0806,2.38,60.0,33.95,1.079,0.07,2.1,1.0,15.3,100.0,0,,0,17.3,OK
00:37:02,corner,StockABS_TC_ESC,StockABSTCESC1.pc,double,3,60,-0.15,0.05,1.0,1788680234-0091,35.9087,117.81,1.0197,2.47,60.0,36.06,1.016,0.08,2.6,1.3,21.6,100.0,0,,0,16.9,OK
00:37:19,corner,StockABS_TC_ESC,StockABSTCESC1.pc,double,3,60,-0.2,0.2,1.0,1788680251-0092,39.0722,128.19,0.9372,2.67,60.0,39.31,0.931,0.20,6.2,3.0,44.2,97.2,0,,0,17.0,OK
00:37:36,corner,StockABS_TC_ESC,StockABSTCESC1.pc,double,3,60,-0.25,1.0,1.0,1788680269-0093,47.8880,157.11,0.7647,3.51,60.0,50.54,0.725,0.82,27.8,20.6,101.8,88.6,0,,0,17.9,OK
00:37:54,corner,StockABS_TC_ESC,StockABSTCESC1.pc,double,3,60,-0.5,0.5,1.0,1788680287-0094,44.9856,147.59,0.8140,3.17,60.0,46.73,0.784,0.50,15.9,10.2,79.9,91.2,0,,0,17.5,OK
00:38:11,corner,StockABS_TC_ESC,StockABSTCESC1.pc,double,3,60,-0.75,0.2,1.0,1788680305-0095,41.5693,136.38,0.8809,2.77,60.0,41.89,0.874,0.36,12.1,8.8,45.5,94.1,0,,0,18.2,OK
00:38:30,corner,StockABS_TC_ESC,StockABSTCESC1.pc,double,3,60,-1.0,0.75,1.0,1788680323-0096,47.4199,155.58,0.7722,3.31,60.0,49.44,0.741,0.81,27.1,21.3,81.5,88.4,0,,0,18.4,OK
