ts,phase,car,config,mode,rep,mph,steer1,steer2,brake,runID,dist_m,dist_ft,avg_g,duration_s,actual_start_mph,arc_m,arc_g,steer_input,wheel_angle_deg,understeer_deg,yaw_deg,acs,yaw_rms,yaw_ratio,dmg,codekey,tele_files,wall_s,status,car_model,controller,trace_2khz
01:30:20,straight,DynamicABS,DynamicABS1.pc,straight,1,60,0.0,0.0,1.0,1788769836-0001,32.2221,105.72,1.1364,2.28,60.0,32.22,1.136,0.00,0.2,0.1,1.0,0.0,1.114,0.3436,0,6b41ae38-d111e559-110747,1,22.8,OK,etk800,DynamicABS,etk800_DynamicABS_60mph_rep1_1788769836-0001_2khz.csv
01:30:48,straight,DynamicABS,DynamicABS1.pc,straight,1,80,0.0,0.0,1.0,1788769865-0002,55.4211,181.83,1.1753,3.00,80.0,55.42,1.175,0.00,0.2,0.2,1.3,0.0,1.559,0.2709,0,6b41ae38-d111e559-110747,1,23.0,OK,etk800,DynamicABS,etk800_DynamicABS_80mph_rep1_1788769865-0002_2khz.csv
01:31:17,straight,DynamicABS,DynamicABS1.pc,straight,1,120,0.0,0.0,1.0,1788769896-0003,124.5342,408.58,1.1774,4.53,120.0,124.53,1.177,0.00,0.2,0.2,2.2,0.0,2.545,0.1923,0,6b41ae38-d111e559-110747,1,26.0,OK,etk800,DynamicABS,etk800_DynamicABS_120mph_rep1_1788769896-0003_2khz.csv
01:32:11,straight,StockABS,StockABS1.pc,straight,1,60,0.0,0.0,1.0,1788769947-0001,33.3218,109.32,1.0989,2.33,60.0,33.32,1.099,0.00,0.2,0.1,0.9,0.0,1.117,0.3112,0,,0,22.0,OK,etk800,StockABS,
01:32:39,straight,StockABS,StockABS1.pc,straight,1,80,0.0,0.0,1.0,1788769976-0002,57.6189,189.04,1.1305,3.07,80.0,57.62,1.130,0.00,0.2,0.2,1.2,0.0,1.603,0.2398,0,,0,23.1,OK,etk800,StockABS,
01:33:08,straight,StockABS,StockABS1.pc,straight,1,120,0.0,0.0,1.0,1788770006-0003,125.4729,411.66,1.1686,4.56,120.0,125.47,1.169,0.00,0.2,0.2,1.9,0.0,2.589,0.1679,0,,0,23.4,OK,etk800,StockABS,
01:33:59,straight,StockABS_TC_ESC,StockABSTCESC1.pc,straight,1,60,0.0,0.0,1.0,1788770055-0001,33.3068,109.27,1.0994,2.33,60.0,33.31,1.099,0.00,0.2,0.1,0.8,0.0,1.122,0.3057,0,,0,22.9,OK,etk800,StockABS_TC_ESC,
01:34:28,straight,StockABS_TC_ESC,StockABSTCESC1.pc,straight,1,80,0.0,0.0,1.0,1788770084-0002,57.1704,187.57,1.1394,3.06,80.0,57.17,1.139,0.00,0.2,0.2,1.2,0.0,1.582,0.2320,0,,0,22.9,OK,etk800,StockABS_TC_ESC,
01:34:56,straight,StockABS_TC_ESC,StockABSTCESC1.pc,straight,1,120,0.0,0.0,1.0,1788770114-0003,124.9407,409.91,1.1736,4.54,120.0,124.94,1.174,0.00,0.2,0.2,2.0,0.0,2.599,0.1761,0,,0,24.9,OK,etk800,StockABS_TC_ESC,
01:35:49,straight,DynamicABS,DynamicABS1.pc,straight,2,60,0.0,0.0,1.0,1788770166-0001,32.2259,105.73,1.1363,2.28,60.0,32.23,1.136,0.00,0.2,0.1,0.9,0.0,1.175,0.3144,0,6b41ae38-d111e559-110747,1,23.3,OK,etk800,DynamicABS,etk800_DynamicABS_60mph_rep2_1788770166-0001_2khz.csv
01:36:19,straight,DynamicABS,DynamicABS1.pc,straight,2,80,0.0,0.0,1.0,1788770198-0002,56.1032,184.07,1.1610,3.02,80.0,56.10,1.161,0.00,0.2,0.2,1.2,0.0,1.599,0.2433,0,6b41ae38-d111e559-110747,1,26.2,OK,etk800,DynamicABS,etk800_DynamicABS_80mph_rep2_1788770198-0002_2khz.csv
01:36:51,straight,DynamicABS,DynamicABS1.pc,straight,2,120,0.0,0.0,1.0,1788770229-0003,125.2443,410.91,1.1707,4.54,120.0,125.24,1.171,0.00,0.2,0.2,2.1,0.0,2.562,0.1863,0,6b41ae38-d111e559-110747,1,26.0,OK,etk800,DynamicABS,etk800_DynamicABS_120mph_rep2_1788770229-0003_2khz.csv
01:37:45,straight,StockABS,StockABS1.pc,straight,2,60,0.0,0.0,1.0,1788770282-0001,32.5553,106.81,1.1248,2.30,60.0,32.56,1.125,0.00,0.2,0.1,0.8,0.0,1.117,0.2956,0,,0,24.2,OK,etk800,StockABS,
01:38:15,straight,StockABS,StockABS1.pc,straight,2,80,0.0,0.0,1.0,1788770314-0002,56.6191,185.76,1.1505,3.04,80.0,56.62,1.150,0.00,0.2,0.2,1.2,0.0,1.581,0.2439,0,,0,24.1,OK,etk800,StockABS,
01:38:45,straight,StockABS,StockABS1.pc,straight,2,120,0.0,0.0,1.0,1788770345-0003,126.2612,414.24,1.1613,4.56,120.0,126.26,1.161,0.00,0.2,0.2,1.8,0.0,2.606,0.1615,0,,0,27.3,OK,etk800,StockABS,
01:39:40,straight,StockABS_TC_ESC,StockABSTCESC1.pc,straight,2,60,0.0,0.0,1.0,1788770396-0001,33.3003,109.25,1.0996,2.33,60.0,33.30,1.100,0.00,0.2,0.1,0.9,0.0,1.123,0.3040,0,,0,21.8,OK,etk800,StockABS_TC_ESC,
01:40:08,straight,StockABS_TC_ESC,StockABSTCESC1.pc,straight,2,80,0.0,0.0,1.0,1788770424-0002,56.7123,186.06,1.1486,3.05,80.0,56.71,1.149,0.00,0.2,0.2,1.3,0.0,1.611,0.2567,0,,0,22.3,OK,etk800,StockABS_TC_ESC,
01:40:37,straight,StockABS_TC_ESC,StockABSTCESC1.pc,straight,2,120,0.0,0.0,1.0,1788770455-0003,124.8985,409.77,1.1739,4.54,120.0,124.90,1.174,0.00,0.2,0.2,1.9,0.0,2.593,0.1660,0,,0,25.1,OK,etk800,StockABS_TC_ESC,
01:41:29,straight,DynamicABS,DynamicABS1.pc,straight,3,60,0.0,0.0,1.0,1788770505-0001,32.6642,107.17,1.1211,2.29,60.0,32.66,1.121,0.00,0.2,0.1,0.9,0.0,1.126,0.3344,0,6b41ae38-d111e559-110747,1,22.2,OK,etk800,DynamicABS,etk800_DynamicABS_60mph_rep3_1788770505-0001_2khz.csv
01:41:57,straight,DynamicABS,DynamicABS1.pc,straight,3,80,0.0,0.0,1.0,1788770534-0002,56.6265,185.78,1.1503,3.04,80.0,56.63,1.150,0.00,0.2,0.2,1.3,0.0,1.597,0.2537,0,6b41ae38-d111e559-110747,1,22.7,OK,etk800,DynamicABS,etk800_DynamicABS_80mph_rep3_1788770534-0002_2khz.csv
01:42:26,straight,DynamicABS,DynamicABS1.pc,straight,3,120,0.0,0.0,1.0,1788770564-0003,124.2457,407.63,1.1801,4.52,120.0,124.25,1.180,0.00,0.2,0.2,2.2,0.0,2.555,0.1921,0,6b41ae38-d111e559-110747,1,25.0,OK,etk800,DynamicABS,etk800_DynamicABS_120mph_rep3_1788770564-0003_2khz.csv
01:43:18,straight,StockABS,StockABS1.pc,straight,3,60,0.0,0.0,1.0,1788770614-0001,33.0670,108.49,1.1074,2.32,60.0,33.07,1.107,0.00,0.2,0.1,0.7,0.0,1.147,0.2678,0,,0,21.3,OK,etk800,StockABS,
01:43:46,straight,StockABS,StockABS1.pc,straight,3,80,0.0,0.0,1.0,1788770642-0002,57.6596,189.17,1.1297,3.08,80.0,57.66,1.130,0.00,0.2,0.2,1.2,0.0,1.586,0.2371,0,,0,23.7,OK,etk800,StockABS,
01:44:16,straight,StockABS,StockABS1.pc,straight,3,120,0.0,0.0,1.0,1788770673-0003,125.4132,411.46,1.1691,4.56,120.0,125.41,1.169,0.00,0.2,0.2,2.0,0.0,2.570,0.1698,0,,0,24.4,OK,etk800,StockABS,
01:45:08,straight,StockABS_TC_ESC,StockABSTCESC1.pc,straight,3,60,0.0,0.0,1.0,1788770724-0001,33.4332,109.69,1.0953,2.34,60.0,33.43,1.095,0.00,0.2,0.1,0.8,0.0,1.110,0.2962,0,,0,21.8,OK,etk800,StockABS_TC_ESC,
01:45:35,straight,StockABS_TC_ESC,StockABSTCESC1.pc,straight,3,80,0.0,0.0,1.0,1788770752-0002,57.0052,187.02,1.1427,3.06,80.0,57.01,1.143,0.00,0.2,0.2,1.3,0.0,1.594,0.2588,0,,0,22.8,OK,etk800,StockABS_TC_ESC,
01:46:04,straight,StockABS_TC_ESC,StockABSTCESC1.pc,straight,3,120,0.0,0.0,1.0,1788770782-0003,125.3322,411.19,1.1699,4.55,120.0,125.33,1.170,0.00,0.2,0.2,1.9,0.0,2.626,0.1634,0,,0,24.7,OK,etk800,StockABS_TC_ESC,
01:46:56,straight,DynamicABS,DynamicABS1.pc,straight,4,60,0.0,0.0,1.0,1788770832-0001,31.7146,104.05,1.1546,2.26,60.0,31.71,1.155,0.00,0.2,0.1,0.8,0.0,1.146,0.3092,0,6b41ae38-d111e559-110747,1,22.6,OK,etk800,DynamicABS,etk800_DynamicABS_60mph_rep4_1788770832-0001_2khz.csv
01:47:25,straight,DynamicABS,DynamicABS1.pc,straight,4,80,0.0,0.0,1.0,1788770861-0002,56.3449,184.86,1.1561,3.02,80.0,56.35,1.156,0.00,0.2,0.2,1.3,0.0,1.582,0.2692,0,6b41ae38-d111e559-110747,1,24.2,OK,etk800,DynamicABS,etk800_DynamicABS_80mph_rep4_1788770861-0002_2khz.csv
01:47:55,straight,DynamicABS,DynamicABS1.pc,straight,4,120,0.0,0.0,1.0,1788770895-0003,123.8141,406.21,1.1842,4.52,120.0,123.81,1.184,0.00,0.2,0.2,2.1,0.0,2.559,0.1810,0,6b41ae38-d111e559-110747,1,28.1,OK,etk800,DynamicABS,etk800_DynamicABS_120mph_rep4_1788770895-0003_2khz.csv
01:48:52,straight,StockABS,StockABS1.pc,straight,4,60,0.0,0.0,1.0,1788770948-0001,32.9938,108.25,1.1098,2.32,60.0,32.99,1.110,0.00,0.2,0.1,0.8,0.0,1.125,0.2883,0,,0,22.6,OK,etk800,StockABS,
01:49:21,straight,StockABS,StockABS1.pc,straight,4,80,0.0,0.0,1.0,1788770977-0002,57.7397,189.43,1.1281,3.07,80.0,57.74,1.128,0.00,0.2,0.2,1.1,0.0,1.589,0.2225,0,,0,22.5,OK,etk800,StockABS,
01:49:49,straight,StockABS,StockABS1.pc,straight,4,120,0.0,0.0,1.0,1788771007-0003,126.1024,413.72,1.1627,4.56,120.0,126.10,1.163,0.00,0.2,0.2,1.9,0.0,2.611,0.1658,0,,0,24.4,OK,etk800,StockABS,
01:50:41,straight,StockABS_TC_ESC,StockABSTCESC1.pc,straight,4,60,0.0,0.0,1.0,1788771056-0001,33.2806,109.19,1.1003,2.33,60.0,33.28,1.100,0.00,0.2,0.1,0.9,0.0,1.112,0.3131,0,,0,22.4,OK,etk800,StockABS_TC_ESC,
01:51:09,straight,StockABS_TC_ESC,StockABSTCESC1.pc,straight,4,80,0.0,0.0,1.0,1788771087-0002,57.5287,188.74,1.1323,3.07,80.0,57.53,1.132,0.00,0.2,0.2,1.1,0.0,1.605,0.2300,0,,0,23.4,OK,etk800,StockABS_TC_ESC,
01:51:39,straight,StockABS_TC_ESC,StockABSTCESC1.pc,straight,4,120,0.0,0.0,1.0,1788771116-0003,125.1504,410.60,1.1716,4.55,120.0,125.15,1.172,0.00,0.2,0.2,2.0,0.0,2.583,0.1765,0,,0,23.9,OK,etk800,StockABS_TC_ESC,
01:52:31,straight,DynamicABS,DynamicABS1.pc,straight,5,60,0.0,0.0,1.0,1788771166-0001,32.3147,106.02,1.1332,2.28,60.0,32.31,1.133,0.00,0.2,0.1,1.0,0.0,1.119,0.3510,0,6b41ae38-d111e559-110747,1,22.2,OK,etk800,DynamicABS,etk800_DynamicABS_60mph_rep5_1788771166-0001_2khz.csv
01:52:58,straight,DynamicABS,DynamicABS1.pc,straight,5,80,0.0,0.0,1.0,1788771195-0002,56.2112,184.42,1.1588,3.02,80.0,56.21,1.159,0.00,0.2,0.2,1.3,0.0,1.575,0.2676,0,6b41ae38-d111e559-110747,1,23.9,OK,etk800,DynamicABS,etk800_DynamicABS_80mph_rep5_1788771195-0002_2khz.csv
01:53:28,straight,DynamicABS,DynamicABS1.pc,straight,5,120,0.0,0.0,1.0,1788771227-0003,125.5523,411.92,1.1678,4.55,120.0,125.55,1.168,0.00,0.2,0.2,2.1,0.0,2.558,0.1876,0,6b41ae38-d111e559-110747,1,26.3,OK,etk800,DynamicABS,etk800_DynamicABS_120mph_rep5_1788771227-0003_2khz.csv
01:54:23,straight,StockABS,StockABS1.pc,straight,5,60,0.0,0.0,1.0,1788771278-0001,32.7254,107.37,1.1189,2.31,60.0,32.73,1.119,0.00,0.2,0.2,0.8,0.0,1.158,0.2740,0,,0,21.6,OK,etk800,StockABS,
01:54:50,straight,StockABS,StockABS1.pc,straight,5,80,0.0,0.0,1.0,1788771306-0002,57.4696,188.55,1.1334,3.07,80.0,57.47,1.133,0.00,0.2,0.2,1.2,0.0,1.598,0.2291,0,,0,22.3,OK,etk800,StockABS,
01:55:18,straight,StockABS,StockABS1.pc,straight,5,120,0.0,0.0,1.0,1788771336-0003,125.9958,413.37,1.1637,4.57,120.0,126.00,1.164,0.00,0.2,0.2,2.1,0.0,2.579,0.1816,0,,0,24.0,OK,etk800,StockABS,
01:56:10,straight,StockABS_TC_ESC,StockABSTCESC1.pc,straight,5,60,0.0,0.0,1.0,1788771386-0001,33.1628,108.80,1.1042,2.32,60.0,33.16,1.104,0.00,0.2,0.2,0.8,0.0,1.138,0.2678,0,,0,21.6,OK,etk800,StockABS_TC_ESC,
01:56:37,straight,StockABS_TC_ESC,StockABSTCESC1.pc,straight,5,80,0.0,0.0,1.0,1788771414-0002,57.0927,187.31,1.1409,3.06,80.0,57.09,1.141,0.00,0.2,0.2,1.3,0.0,1.577,0.2514,0,,0,22.6,OK,etk800,StockABS_TC_ESC,
01:57:06,straight,StockABS_TC_ESC,StockABSTCESC1.pc,straight,5,120,0.0,0.0,1.0,1788771443-0003,125.1857,410.71,1.1713,4.55,120.0,125.19,1.171,0.00,0.2,0.2,2.0,0.0,2.556,0.1778,0,,0,25.4,OK,etk800,StockABS_TC_ESC,
01:57:59,straight,DynamicABS,DynamicABS1.pc,straight,6,60,0.0,0.0,1.0,1788771495-0001,32.3087,106.00,1.1334,2.28,60.0,32.31,1.133,0.00,0.2,0.1,0.9,0.0,1.095,0.3172,0,6b41ae38-d111e559-110747,1,22.0,OK,etk800,DynamicABS,etk800_DynamicABS_60mph_rep6_1788771495-0001_2khz.csv
01:58:28,straight,DynamicABS,DynamicABS1.pc,straight,6,80,0.0,0.0,1.0,1788771524-0002,55.9861,183.68,1.1635,3.02,80.0,55.99,1.163,0.00,0.2,0.2,1.3,0.0,1.595,0.2525,0,6b41ae38-d111e559-110747,1,23.1,OK,etk800,DynamicABS,etk800_DynamicABS_80mph_rep6_1788771524-0002_2khz.csv
01:58:57,straight,DynamicABS,DynamicABS1.pc,straight,6,120,0.0,0.0,1.0,1788771555-0003,124.6453,408.94,1.1763,4.52,120.0,124.65,1.176,0.00,0.2,0.2,1.9,0.0,2.563,0.1669,0,6b41ae38-d111e559-110747,1,25.4,OK,etk800,DynamicABS,etk800_DynamicABS_120mph_rep6_1788771555-0003_2khz.csv
01:59:50,straight,StockABS,StockABS1.pc,straight,6,60,0.0,0.0,1.0,1788771608-0001,33.1351,108.71,1.1051,2.33,60.0,33.14,1.105,0.00,0.2,0.1,0.9,0.0,1.149,0.3129,0,,0,23.6,OK,etk800,StockABS,
02:00:20,straight,StockABS,StockABS1.pc,straight,6,80,0.0,0.0,1.0,1788771636-0002,57.5269,188.74,1.1323,3.07,80.0,57.53,1.132,0.00,0.2,0.2,1.1,0.0,1.603,0.2276,0,,0,22.4,OK,etk800,StockABS,
02:00:48,straight,StockABS,StockABS1.pc,straight,6,120,0.0,0.0,1.0,1788771665-0003,126.2371,414.16,1.1615,4.56,120.0,126.24,1.161,0.00,0.2,0.2,2.1,0.0,2.579,0.1842,0,,0,23.9,OK,etk800,StockABS,
02:01:40,straight,StockABS_TC_ESC,StockABSTCESC1.pc,straight,6,60,0.0,0.0,1.0,1788771716-0001,33.4145,109.63,1.0959,2.33,60.0,33.41,1.096,0.00,0.2,0.1,0.9,0.0,1.119,0.3074,0,,0,22.4,OK,etk800,StockABS_TC_ESC,
02:02:08,straight,StockABS_TC_ESC,StockABSTCESC1.pc,straight,6,80,0.0,0.0,1.0,1788771744-0002,57.4821,188.59,1.1332,3.09,80.0,57.48,1.133,0.00,0.2,0.2,1.2,0.0,1.603,0.2392,0,,0,22.3,OK,etk800,StockABS_TC_ESC,
02:02:36,straight,StockABS_TC_ESC,StockABSTCESC1.pc,straight,6,120,0.0,0.0,1.0,1788771774-0003,126.9993,416.66,1.1545,4.58,120.0,127.00,1.155,0.00,0.2,0.2,2.0,0.0,2.569,0.1771,0,,0,24.2,OK,etk800,StockABS_TC_ESC,
02:03:28,straight,DynamicABS,DynamicABS1.pc,straight,7,60,0.0,0.0,1.0,1788771824-0001,32.3139,106.02,1.1332,2.28,60.0,32.31,1.133,0.00,0.2,0.1,0.9,0.0,1.110,0.3124,0,6b41ae38-d111e559-110747,1,23.1,OK,etk800,DynamicABS,etk800_DynamicABS_60mph_rep7_1788771824-0001_2khz.csv
02:03:59,straight,DynamicABS,DynamicABS1.pc,straight,7,80,0.0,0.0,1.0,1788771858-0002,55.8730,183.31,1.1658,3.02,80.0,55.87,1.166,0.00,0.2,0.2,1.3,0.0,1.596,0.2575,0,6b41ae38-d111e559-110747,1,26.1,OK,etk800,DynamicABS,etk800_DynamicABS_80mph_rep7_1788771858-0002_2khz.csv
02:04:32,straight,DynamicABS,DynamicABS1.pc,straight,7,120,0.0,0.0,1.0,1788771891-0003,124.6292,408.89,1.1765,4.53,120.0,124.63,1.176,0.00,0.2,0.2,2.2,0.0,2.561,0.1951,0,6b41ae38-d111e559-110747,1,27.6,OK,etk800,DynamicABS,etk800_DynamicABS_120mph_rep7_1788771891-0003_2khz.csv
02:05:29,straight,StockABS,StockABS1.pc,straight,7,60,0.0,0.0,1.0,1788771947-0001,32.6203,107.02,1.1226,2.31,60.0,32.62,1.123,0.00,0.2,0.1,0.8,0.0,1.147,0.2994,0,,0,24.6,OK,etk800,StockABS,
02:06:00,straight,StockABS,StockABS1.pc,straight,7,80,0.0,0.0,1.0,1788771981-0002,57.0254,187.09,1.1423,3.05,80.0,57.03,1.142,0.00,0.2,0.2,1.2,0.0,1.591,0.2446,0,,0,28.0,OK,etk800,StockABS,
02:06:34,straight,StockABS,StockABS1.pc,straight,7,120,0.0,0.0,1.0,1788772015-0003,126.4820,414.97,1.1593,4.57,120.0,126.48,1.159,0.00,0.2,0.2,1.8,0.0,2.614,0.1559,0,,0,28.2,OK,etk800,StockABS,
02:07:32,straight,StockABS_TC_ESC,StockABSTCESC1.pc,straight,7,60,0.0,0.0,1.0,1788772070-0001,33.4929,109.88,1.0933,2.34,60.0,33.49,1.093,0.00,0.2,0.1,1.0,0.0,1.103,0.3492,0,,0,24.6,OK,etk800,StockABS_TC_ESC,
02:08:03,straight,StockABS_TC_ESC,StockABSTCESC1.pc,straight,7,80,0.0,0.0,1.0,1788772102-0002,57.2802,187.93,1.1372,3.07,80.0,57.28,1.137,0.00,0.2,0.2,1.3,0.0,1.616,0.2588,0,,0,24.9,OK,etk800,StockABS_TC_ESC,
02:08:34,straight,StockABS_TC_ESC,StockABSTCESC1.pc,straight,7,120,0.0,0.0,1.0,1788772134-0003,125.5486,411.90,1.1679,4.56,120.0,125.55,1.168,0.00,0.2,0.2,1.8,0.0,2.636,0.1537,0,,0,28.0,OK,etk800,StockABS_TC_ESC,
02:09:31,straight,DynamicABS,DynamicABS1.pc,straight,8,60,0.0,0.0,1.0,1788772186-0001,32.0696,105.22,1.1418,2.28,60.0,32.07,1.142,0.00,0.2,0.1,0.9,0.0,1.132,0.3289,0,6b41ae38-d111e559-110747,1,21.4,OK,etk800,DynamicABS,etk800_DynamicABS_60mph_rep8_1788772186-0001_2khz.csv
02:09:58,straight,DynamicABS,DynamicABS1.pc,straight,8,80,0.0,0.0,1.0,1788772216-0002,56.6630,185.90,1.1496,3.04,80.0,56.66,1.150,0.00,0.2,0.2,1.4,0.0,1.556,0.2762,0,6b41ae38-d111e559-110747,1,24.3,OK,etk800,DynamicABS,etk800_DynamicABS_80mph_rep8_1788772216-0002_2khz.csv
02:10:28,straight,DynamicABS,DynamicABS1.pc,straight,8,120,0.0,0.0,1.0,1788772246-0003,124.1083,407.18,1.1814,4.52,120.0,124.11,1.181,0.00,0.2,0.2,2.1,0.0,2.555,0.1881,0,6b41ae38-d111e559-110747,1,24.8,OK,etk800,DynamicABS,etk800_DynamicABS_120mph_rep8_1788772246-0003_2khz.csv
02:11:20,straight,StockABS,StockABS1.pc,straight,8,60,0.0,0.0,1.0,1788772294-0001,32.6352,107.07,1.1221,2.30,60.0,32.64,1.122,0.00,0.2,0.1,0.9,0.0,1.121,0.3129,0,,0,19.9,OK,etk800,StockABS,
02:11:46,straight,StockABS,StockABS1.pc,straight,8,80,0.0,0.0,1.0,1788772321-0002,57.5906,188.95,1.1311,3.07,80.0,57.59,1.131,0.00,0.2,0.2,1.2,0.0,1.592,0.2402,0,,0,21.3,OK,etk800,StockABS,
02:12:13,straight,StockABS,StockABS1.pc,straight,8,120,0.0,0.0,1.0,1788772349-0003,126.1212,413.78,1.1626,4.56,120.0,126.12,1.163,0.00,0.2,0.2,1.9,0.0,2.611,0.1703,0,,0,22.2,OK,etk800,StockABS,
02:13:02,straight,StockABS_TC_ESC,StockABSTCESC1.pc,straight,8,60,0.0,0.0,1.0,1788772396-0001,33.2679,109.15,1.1007,2.33,60.0,33.27,1.101,0.00,0.2,0.1,0.8,0.0,1.139,0.2894,0,,0,20.6,OK,etk800,StockABS_TC_ESC,
02:13:28,straight,StockABS_TC_ESC,StockABSTCESC1.pc,straight,8,80,0.0,0.0,1.0,1788772423-0002,56.9216,186.75,1.1444,3.05,80.0,56.92,1.144,0.00,0.2,0.2,1.2,0.0,1.581,0.2369,0,,0,20.5,OK,etk800,StockABS_TC_ESC,
02:13:54,straight,StockABS_TC_ESC,StockABSTCESC1.pc,straight,8,120,0.0,0.0,1.0,1788772450-0003,125.7627,412.61,1.1659,4.56,120.0,125.76,1.166,0.00,0.2,0.2,2.1,0.0,2.555,0.1803,0,,0,23.1,OK,etk800,StockABS_TC_ESC,
02:14:44,straight,DynamicABS,DynamicABS1.pc,straight,9,60,0.0,0.0,1.0,1788772498-0001,32.3868,106.26,1.1307,2.28,60.0,32.39,1.131,0.00,0.2,0.1,0.8,0.0,1.107,0.3098,0,6b41ae38-d111e559-110747,1,20.7,OK,etk800,DynamicABS,etk800_DynamicABS_60mph_rep9_1788772498-0001_2khz.csv
02:15:10,straight,DynamicABS,DynamicABS1.pc,straight,9,80,0.0,0.0,1.0,1788772525-0002,55.5830,182.36,1.1719,3.00,80.0,55.58,1.172,0.00,0.2,0.2,1.3,0.0,1.591,0.2542,0,6b41ae38-d111e559-110747,1,22.5,OK,etk800,DynamicABS,etk800_DynamicABS_80mph_rep9_1788772525-0002_2khz.csv
02:15:38,straight,DynamicABS,DynamicABS1.pc,straight,9,120,0.0,0.0,1.0,1788772555-0003,125.1214,410.50,1.1719,4.54,120.0,125.12,1.172,0.00,0.2,0.2,2.1,0.0,2.566,0.1861,0,6b41ae38-d111e559-110747,1,24.1,OK,etk800,DynamicABS,etk800_DynamicABS_120mph_rep9_1788772555-0003_2khz.csv
02:16:29,straight,StockABS,StockABS1.pc,straight,9,60,0.0,0.0,1.0,1788772603-0001,33.2715,109.16,1.1006,2.33,60.0,33.27,1.101,0.00,0.2,0.2,0.8,0.0,1.130,0.2752,0,,0,20.0,OK,etk800,StockABS,
02:16:54,straight,StockABS,StockABS1.pc,straight,9,80,0.0,0.0,1.0,1788772628-0002,57.3102,188.03,1.1366,3.07,80.0,57.31,1.137,0.00,0.2,0.2,1.2,0.0,1.613,0.2395,0,,0,19.0,OK,etk800,StockABS,
02:17:19,straight,StockABS,StockABS1.pc,straight,9,120,0.0,0.0,1.0,1788772655-0003,125.7494,412.56,1.1660,4.56,120.0,125.75,1.166,0.00,0.2,0.2,2.1,0.0,2.554,0.1799,0,,0,21.7,OK,etk800,StockABS,
02:18:08,straight,StockABS_TC_ESC,StockABSTCESC1.pc,straight,9,60,0.0,0.0,1.0,1788772702-0001,33.4833,109.85,1.0936,2.33,60.0,33.48,1.094,0.00,0.2,0.1,0.9,0.0,1.090,0.3303,0,,0,19.5,OK,etk800,StockABS_TC_ESC,
02:18:33,straight,StockABS_TC_ESC,StockABSTCESC1.pc,straight,9,80,0.0,0.0,1.0,1788772728-0002,57.1063,187.36,1.1406,3.05,80.0,57.11,1.141,0.00,0.2,0.2,1.1,0.0,1.622,0.2284,0,,0,20.4,OK,etk800,StockABS_TC_ESC,
02:18:59,straight,StockABS_TC_ESC,StockABSTCESC1.pc,straight,9,120,0.0,0.0,1.0,1788772755-0003,125.8750,412.98,1.1648,4.56,120.0,125.88,1.165,0.00,0.2,0.2,1.8,0.0,2.641,0.1603,0,,0,22.8,OK,etk800,StockABS_TC_ESC,
02:19:49,straight,DynamicABS,DynamicABS1.pc,straight,10,60,0.0,0.0,1.0,1788772804-0001,32.6946,107.27,1.1200,2.29,60.0,32.69,1.120,0.00,0.2,0.1,0.9,0.0,1.098,0.3316,0,6b41ae38-d111e559-110747,1,20.1,OK,etk800,DynamicABS,etk800_DynamicABS_60mph_rep10_1788772804-0001_2khz.csv
02:20:15,straight,DynamicABS,DynamicABS1.pc,straight,10,80,0.0,0.0,1.0,1788772830-0002,56.9157,186.73,1.1445,3.04,80.0,56.92,1.144,0.00,0.2,0.2,1.3,0.0,1.575,0.2628,0,6b41ae38-d111e559-110747,1,21.3,OK,etk800,DynamicABS,etk800_DynamicABS_80mph_rep10_1788772830-0002_2khz.csv
02:20:42,straight,DynamicABS,DynamicABS1.pc,straight,10,120,0.0,0.0,1.0,1788772858-0003,123.7908,406.14,1.1845,4.51,120.0,123.79,1.184,0.00,0.2,0.2,2.0,0.0,2.566,0.1798,0,6b41ae38-d111e559-110747,1,23.1,OK,etk800,DynamicABS,etk800_DynamicABS_120mph_rep10_1788772858-0003_2khz.csv
02:21:32,straight,StockABS,StockABS1.pc,straight,10,60,0.0,0.0,1.0,1788772906-0001,33.1810,108.86,1.1036,2.33,60.0,33.18,1.104,0.00,0.2,0.1,0.9,0.0,1.121,0.3259,0,,0,19.5,OK,etk800,StockABS,
02:21:57,straight,StockABS,StockABS1.pc,straight,10,80,0.0,0.0,1.0,1788772932-0002,56.8879,186.64,1.1450,3.06,80.0,56.89,1.145,0.00,0.2,0.2,1.3,0.0,1.582,0.2522,0,,0,20.3,OK,etk800,StockABS,
02:22:23,straight,StockABS,StockABS1.pc,straight,10,120,0.0,0.0,1.0,1788772959-0003,126.7184,415.74,1.1571,4.57,120.0,126.72,1.157,0.00,0.2,0.2,2.1,0.0,2.541,0.1818,0,,0,22.1,OK,etk800,StockABS,
02:23:13,straight,StockABS_TC_ESC,StockABSTCESC1.pc,straight,10,60,0.0,0.0,1.0,1788773007-0001,33.5133,109.95,1.0927,2.34,60.0,33.51,1.093,0.00,0.2,0.1,0.9,0.0,1.124,0.3095,0,,0,19.5,OK,etk800,StockABS_TC_ESC,
02:23:38,straight,StockABS_TC_ESC,StockABSTCESC1.pc,straight,10,80,0.0,0.0,1.0,1788773032-0002,56.8288,186.45,1.1462,3.06,80.0,56.83,1.146,0.00,0.2,0.2,1.2,0.0,1.606,0.2333,0,,0,20.3,OK,etk800,StockABS_TC_ESC,
02:24:03,straight,StockABS_TC_ESC,StockABSTCESC1.pc,straight,10,120,0.0,0.0,1.0,1788773060-0003,126.0386,413.51,1.1633,4.56,120.0,126.04,1.163,0.00,0.2,0.2,1.9,0.0,2.587,0.1664,0,,0,22.3,OK,etk800,StockABS_TC_ESC,
02:24:52,straight,DynamicABS,DynamicABS2.pc,straight,1,60,0.0,0.0,1.0,1788773106-0001,26.1666,85.85,1.3994,1.83,60.0,26.17,1.399,0.00,0.3,0.1,1.5,0.0,1.345,0.5342,0,6b41ae38-d111e559-110747,1,18.7,OK,sbr,DynamicABS,sbr_DynamicABS_60mph_rep1_1788773106-0001_2khz.csv
02:25:16,straight,DynamicABS,DynamicABS2.pc,straight,1,80,0.0,0.0,1.0,1788773130-0002,45.5470,149.43,1.4301,2.43,80.0,45.55,1.430,0.00,0.3,0.2,1.3,0.0,2.029,0.2702,0,6b41ae38-d111e559-110747,1,19.5,OK,sbr,DynamicABS,sbr_DynamicABS_80mph_rep1_1788773130-0002_2khz.csv
02:25:42,straight,DynamicABS,DynamicABS2.pc,straight,1,120,0.0,0.0,1.0,1788773157-0003,101.8752,334.24,1.4393,3.66,120.0,101.88,1.439,0.00,0.3,0.2,2.7,0.0,2.460,0.2840,0,6b41ae38-d111e559-110747,1,21.9,OK,sbr,DynamicABS,sbr_DynamicABS_120mph_rep1_1788773157-0003_2khz.csv
02:26:09,straight,DynamicABS,DynamicABS2.pc,straight,1,160,0.0,0.0,1.0,1788773186-0004,176.3238,578.49,1.4786,4.81,160.0,176.32,1.479,0.00,0.2,0.2,4.5,0.0,2.624,0.3145,0,6b41ae38-d111e559-110747,1,24.2,OK,sbr,DynamicABS,sbr_DynamicABS_160mph_rep1_1788773186-0004_2khz.csv
02:26:39,straight,DynamicABS,DynamicABS2.pc,straight,1,180,0.0,0.0,1.0,1788773218-0005,219.2076,719.18,1.5053,5.36,180.0,219.21,1.505,0.00,0.2,0.1,5.5,100.0,2.605,0.3351,0,6b41ae38-d111e559-110747,1,25.5,OK,sbr,DynamicABS,sbr_DynamicABS_180mph_rep1_1788773218-0005_2khz.csv
02:27:32,straight,StockABS,StockABS2.pc,straight,1,60,0.0,0.0,1.0,1788773265-0001,25.6937,84.30,1.4252,1.81,60.0,25.69,1.425,0.00,0.3,0.2,1.3,0.0,1.579,0.4529,0,,0,19.1,OK,sbr,StockABS,
02:27:56,straight,StockABS,StockABS2.pc,straight,1,80,0.0,0.0,1.0,1788773290-0002,49.3308,161.85,1.3204,2.55,80.0,49.33,1.320,0.00,0.3,0.2,1.4,0.0,1.988,0.2773,0,,0,18.9,OK,sbr,StockABS,
02:28:21,straight,StockABS,StockABS2.pc,straight,1,120,0.0,0.0,1.0,1788773315-0003,115.7876,379.88,1.2663,3.97,120.0,115.79,1.266,0.00,0.3,0.2,2.2,0.0,2.670,0.2059,0,,0,20.3,OK,sbr,StockABS,
02:28:46,straight,StockABS,StockABS2.pc,straight,1,160,0.0,0.0,1.0,1788773343-0004,203.0895,666.30,1.2837,5.29,160.0,203.09,1.284,0.00,0.2,0.2,3.6,0.0,2.850,0.2221,0,,0,22.6,OK,sbr,StockABS,
02:29:14,straight,StockABS,StockABS2.pc,straight,1,180,0.0,0.0,1.0,1788773373-0005,250.8707,823.07,1.3153,5.85,180.0,250.87,1.315,0.00,0.2,0.2,4.5,0.0,2.664,0.2549,0,,0,24.4,OK,sbr,StockABS,
02:30:06,straight,StockABS_TC_ESC,StockABSTCESC2.pc,straight,1,60,0.0,0.0,1.0,1788773419-0001,25.6464,84.14,1.4278,1.80,60.0,25.65,1.428,0.00,0.3,0.2,1.1,0.0,1.571,0.3825,0,,0,17.9,OK,sbr,StockABS_TC_ESC,
02:30:29,straight,StockABS_TC_ESC,StockABSTCESC2.pc,straight,1,80,0.0,0.0,1.0,1788773443-0002,48.8697,160.33,1.3329,2.54,80.0,48.87,1.333,0.00,0.3,0.2,1.5,0.0,2.082,0.2944,0,,0,18.9,OK,sbr,StockABS_TC_ESC,
02:30:54,straight,StockABS_TC_ESC,StockABSTCESC2.pc,straight,1,120,0.0,0.0,1.0,1788773468-0003,116.0168,380.63,1.2638,3.98,120.0,116.02,1.264,0.00,0.3,0.2,2.0,0.0,2.727,0.1879,0,,0,20.4,OK,sbr,StockABS_TC_ESC,
02:31:20,straight,StockABS_TC_ESC,StockABSTCESC2.pc,straight,1,160,0.0,0.0,1.0,1788773496-0004,203.1912,666.64,1.2831,5.30,160.0,203.19,1.283,0.00,0.2,0.2,3.9,0.0,2.785,0.2457,0,,0,22.7,OK,sbr,StockABS_TC_ESC,
02:31:48,straight,StockABS_TC_ESC,StockABSTCESC2.pc,straight,1,180,0.0,0.0,1.0,1788773526-0005,251.2065,824.17,1.3135,5.86,180.0,251.21,1.314,0.00,0.2,0.2,3.9,0.0,2.730,0.2199,0,,0,24.7,OK,sbr,StockABS_TC_ESC,
02:32:40,straight,DynamicABS,DynamicABS2.pc,straight,2,60,0.0,0.0,1.0,1788773573-0001,26.3081,86.31,1.3919,1.83,60.0,26.31,1.392,0.00,0.3,0.1,1.5,0.0,1.331,0.5168,0,6b41ae38-d111e559-110747,1,19.8,OK,sbr,DynamicABS,sbr_DynamicABS_60mph_rep2_1788773573-0001_2khz.csv
02:33:05,straight,DynamicABS,DynamicABS2.pc,straight,2,80,0.0,0.0,1.0,1788773599-0002,45.4488,149.11,1.4332,2.43,80.0,45.45,1.433,0.00,0.3,0.2,1.8,0.0,1.864,0.3632,0,6b41ae38-d111e559-110747,1,18.7,OK,sbr,DynamicABS,sbr_DynamicABS_80mph_rep2_1788773599-0002_2khz.csv
02:33:30,straight,DynamicABS,DynamicABS2.pc,straight,2,120,0.0,0.0,1.0,1788773625-0003,100.0564,328.27,1.4654,3.62,120.0,100.06,1.465,0.00,0.3,0.2,2.7,0.0,2.397,0.2900,0,6b41ae38-d111e559-110747,1,20.8,OK,sbr,DynamicABS,sbr_DynamicABS_120mph_rep2_1788773625-0003_2khz.csv
02:33:56,straight,DynamicABS,DynamicABS2.pc,straight,2,160,0.0,0.0,1.0,1788773653-0004,176.3185,578.47,1.4786,4.81,160.0,176.32,1.479,0.00,0.2,0.2,4.2,0.0,2.651,0.2961,0,6b41ae38-d111e559-110747,1,24.3,OK,sbr,DynamicABS,sbr_DynamicABS_160mph_rep2_1788773653-0004_2khz.csv
02:34:26,straight,DynamicABS,DynamicABS2.pc,straight,2,180,0.0,0.0,1.0,1788773685-0005,219.7233,720.88,1.5017,5.39,180.0,219.72,1.502,0.00,0.2,0.1,4.9,0.0,2.693,0.3026,0,6b41ae38-d111e559-110747,1,25.6,OK,sbr,DynamicABS,sbr_DynamicABS_180mph_rep2_1788773685-0005_2khz.csv
02:35:18,straight,StockABS,StockABS2.pc,straight,2,60,0.0,0.0,1.0,1788773731-0001,25.6898,84.28,1.4254,1.81,60.0,25.69,1.425,0.00,0.3,0.2,1.4,0.0,1.554,0.4987,0,,0,18.7,OK,sbr,StockABS,
02:35:42,straight,StockABS,StockABS2.pc,straight,2,80,0.0,0.0,1.0,1788773755-0002,48.9253,160.52,1.3314,2.54,80.0,48.93,1.331,0.00,0.3,0.2,1.5,0.0,2.014,0.2853,0,,0,18.7,OK,sbr,StockABS,
02:36:06,straight,StockABS,StockABS2.pc,straight,2,120,0.0,0.0,1.0,1788773780-0003,116.0977,380.90,1.2629,3.98,120.0,116.10,1.263,0.00,0.3,0.2,2.3,0.0,2.688,0.2089,0,,0,20.1,OK,sbr,StockABS,
02:36:32,straight,StockABS,StockABS2.pc,straight,2,160,0.0,0.0,1.0,1788773808-0004,204.4181,670.66,1.2754,5.32,160.0,204.42,1.275,0.00,0.2,0.2,3.7,0.0,2.814,0.2284,0,,0,22.3,OK,sbr,StockABS,
02:36:59,straight,StockABS,StockABS2.pc,straight,2,180,0.0,0.0,1.0,1788773838-0005,250.9772,823.42,1.3147,5.86,180.0,250.98,1.315,0.00,0.2,0.1,4.8,0.0,2.625,0.2760,0,,0,24.7,OK,sbr,StockABS,
02:37:51,straight,StockABS_TC_ESC,StockABSTCESC2.pc,straight,2,60,0.0,0.0,1.0,1788773884-0001,26.6783,87.53,1.3726,1.85,60.0,26.68,1.373,0.00,0.3,0.2,1.2,0.0,1.546,0.3894,0,,0,17.9,OK,sbr,StockABS_TC_ESC,
02:38:14,straight,StockABS_TC_ESC,StockABSTCESC2.pc,straight,2,80,0.0,0.0,1.0,1788773908-0002,48.7854,160.06,1.3352,2.53,80.0,48.79,1.335,0.00,0.3,0.2,1.6,0.0,2.034,0.3066,0,,0,18.8,OK,sbr,StockABS_TC_ESC,
02:38:39,straight,StockABS_TC_ESC,StockABSTCESC2.pc,straight,2,120,0.0,0.0,1.0,1788773933-0003,116.3558,381.74,1.2601,3.99,120.0,116.36,1.260,0.00,0.3,0.2,2.3,0.0,2.647,0.2089,0,,0,20.2,OK,sbr,StockABS_TC_ESC,
02:39:04,straight,StockABS_TC_ESC,StockABSTCESC2.pc,straight,2,160,0.0,0.0,1.0,1788773961-0004,203.9888,669.25,1.2780,5.31,160.0,203.99,1.278,0.00,0.2,0.2,3.8,0.0,2.764,0.2352,0,,0,22.2,OK,sbr,StockABS_TC_ESC,
02:39:32,straight,StockABS_TC_ESC,StockABSTCESC2.pc,straight,2,180,0.0,0.0,1.0,1788773991-0005,252.1809,827.37,1.3085,5.88,180.0,252.18,1.308,0.00,0.2,0.2,4.2,0.0,2.687,0.2367,0,,0,24.7,OK,sbr,StockABS_TC_ESC,
02:40:24,straight,DynamicABS,DynamicABS2.pc,straight,3,60,0.0,0.0,1.0,1788774037-0001,26.9619,88.46,1.3581,1.87,60.0,26.96,1.358,0.00,0.3,0.2,1.3,0.0,1.486,0.4505,0,6b41ae38-d111e559-110747,1,18.8,OK,sbr,DynamicABS,sbr_DynamicABS_60mph_rep3_1788774037-0001_2khz.csv
02:40:48,straight,DynamicABS,DynamicABS2.pc,straight,3,80,0.0,0.0,1.0,1788774062-0002,45.7316,150.04,1.4244,2.44,80.0,45.73,1.424,0.00,0.3,0.2,1.4,0.0,2.027,0.2889,0,6b41ae38-d111e559-110747,1,18.6,OK,sbr,DynamicABS,sbr_DynamicABS_80mph_rep3_1788774062-0002_2khz.csv
02:41:12,straight,DynamicABS,DynamicABS2.pc,straight,3,120,0.0,0.0,1.0,1788774088-0003,101.7102,333.70,1.4416,3.66,120.0,101.71,1.442,0.00,0.3,0.2,2.8,0.0,2.468,0.2861,0,6b41ae38-d111e559-110747,1,22.0,OK,sbr,DynamicABS,sbr_DynamicABS_120mph_rep3_1788774088-0003_2khz.csv
02:41:40,straight,DynamicABS,DynamicABS2.pc,straight,3,160,0.0,0.0,1.0,1788774117-0004,176.6837,579.67,1.4755,4.83,160.0,176.68,1.476,0.00,0.2,0.2,4.3,0.0,2.625,0.3060,0,6b41ae38-d111e559-110747,1,24.2,OK,sbr,DynamicABS,sbr_DynamicABS_160mph_rep3_1788774117-0004_2khz.csv
02:42:10,straight,DynamicABS,DynamicABS2.pc,straight,3,180,0.0,0.0,1.0,1788774149-0005,219.8185,721.19,1.5011,5.38,180.0,219.82,1.501,0.00,0.2,0.1,5.2,100.0,2.574,0.3222,0,6b41ae38-d111e559-110747,1,25.7,OK,sbr,DynamicABS,sbr_DynamicABS_180mph_rep3_1788774149-0005_2khz.csv
02:43:03,straight,StockABS,StockABS2.pc,straight,3,60,0.0,0.0,1.0,1788774196-0001,25.5972,83.98,1.4306,1.80,60.0,25.60,1.431,0.00,0.3,0.2,1.5,0.0,1.592,0.5352,0,,0,18.0,OK,sbr,StockABS,
02:43:26,straight,StockABS,StockABS2.pc,straight,3,80,0.0,0.0,1.0,1788774220-0002,49.1736,161.33,1.3247,2.55,80.0,49.17,1.325,0.00,0.3,0.2,1.5,0.0,1.995,0.2965,0,,0,19.0,OK,sbr,StockABS,
02:43:51,straight,StockABS,StockABS2.pc,straight,3,120,0.0,0.0,1.0,1788774246-0003,114.3482,375.16,1.2823,3.95,120.0,114.35,1.282,0.00,0.3,0.2,2.4,0.0,2.678,0.2223,0,,0,20.8,OK,sbr,StockABS,
02:44:17,straight,StockABS,StockABS2.pc,straight,3,160,0.0,0.0,1.0,1788774274-0004,203.5069,667.67,1.2811,5.30,160.0,203.51,1.281,0.00,0.2,0.2,3.6,0.0,2.815,0.2262,0,,0,22.7,OK,sbr,StockABS,
02:44:45,straight,StockABS,StockABS2.pc,straight,3,180,0.0,0.0,1.0,1788774304-0005,251.0688,823.72,1.3143,5.86,180.0,251.07,1.314,0.00,0.2,0.1,4.5,0.0,2.649,0.2578,0,,0,24.5,OK,sbr,StockABS,
02:45:36,straight,StockABS_TC_ESC,StockABSTCESC2.pc,straight,3,60,0.0,0.0,1.0,1788774349-0001,26.5604,87.14,1.3787,1.84,60.0,26.56,1.379,0.00,0.3,0.2,1.1,0.0,1.640,0.3650,0,,0,18.9,OK,sbr,StockABS_TC_ESC,
02:46:01,straight,StockABS_TC_ESC,StockABSTCESC2.pc,straight,3,80,0.0,0.0,1.0,1788774374-0002,48.5996,159.45,1.3403,2.53,80.0,48.60,1.340,0.00,0.3,0.2,1.4,0.0,2.009,0.2800,0,,0,18.8,OK,sbr,StockABS_TC_ESC,
02:46:25,straight,StockABS_TC_ESC,StockABSTCESC2.pc,straight,3,120,0.0,0.0,1.0,1788774400-0003,115.9247,380.33,1.2648,3.97,120.0,115.92,1.265,0.00,0.3,0.2,2.4,0.0,2.682,0.2250,0,,0,19.8,OK,sbr,StockABS_TC_ESC,
02:46:50,straight,StockABS_TC_ESC,StockABSTCESC2.pc,straight,3,160,0.0,0.0,1.0,1788774427-0004,202.7957,665.34,1.2856,5.29,160.0,202.80,1.286,0.00,0.2,0.2,3.7,0.0,2.843,0.2285,0,,0,21.7,OK,sbr,StockABS_TC_ESC,
02:47:17,straight,StockABS_TC_ESC,StockABSTCESC2.pc,straight,3,180,0.0,0.0,1.0,1788774456-0005,250.4368,821.64,1.3176,5.84,180.0,250.44,1.318,0.00,0.2,0.1,4.2,0.0,2.719,0.2421,0,,0,24.9,OK,sbr,StockABS_TC_ESC,
02:48:09,straight,DynamicABS,DynamicABS2.pc,straight,4,60,0.0,0.0,1.0,1788774503-0001,26.8482,88.08,1.3639,1.87,60.0,26.85,1.364,0.00,0.3,0.1,1.6,0.0,1.347,0.5241,0,6b41ae38-d111e559-110747,1,18.7,OK,sbr,DynamicABS,sbr_DynamicABS_60mph_rep4_1788774503-0001_2khz.csv
02:48:34,straight,DynamicABS,DynamicABS2.pc,straight,4,80,0.0,0.0,1.0,1788774528-0002,45.2220,148.37,1.4404,2.41,80.0,45.22,1.440,0.00,0.3,0.2,1.8,0.0,1.802,0.3719,0,6b41ae38-d111e559-110747,1,19.6,OK,sbr,DynamicABS,sbr_DynamicABS_80mph_rep4_1788774528-0002_2khz.csv
02:48:59,straight,DynamicABS,DynamicABS2.pc,straight,4,120,0.0,0.0,1.0,1788774554-0003,101.4481,332.84,1.4453,3.64,120.0,101.45,1.445,0.00,0.3,0.2,2.5,0.0,2.531,0.2584,0,6b41ae38-d111e559-110747,1,21.2,OK,sbr,DynamicABS,sbr_DynamicABS_120mph_rep4_1788774554-0003_2khz.csv
02:49:26,straight,DynamicABS,DynamicABS2.pc,straight,4,160,0.0,0.0,1.0,1788774584-0004,176.2454,578.23,1.4792,4.81,160.0,176.25,1.479,0.00,0.2,0.2,4.3,0.0,2.565,0.3057,0,6b41ae38-d111e559-110747,1,25.0,OK,sbr,DynamicABS,sbr_DynamicABS_160mph_rep4_1788774584-0004_2khz.csv
02:49:57,straight,DynamicABS,DynamicABS2.pc,straight,4,180,0.0,0.0,1.0,1788774617-0005,219.6261,720.56,1.5024,5.39,180.0,219.63,1.502,0.00,0.2,0.1,4.9,0.0,2.635,0.3041,0,6b41ae38-d111e559-110747,1,27.4,OK,sbr,DynamicABS,sbr_DynamicABS_180mph_rep4_1788774617-0005_2khz.csv
02:50:50,straight,StockABS,StockABS2.pc,straight,4,60,0.0,0.0,1.0,1788774663-0001,25.6088,84.02,1.4299,1.80,60.0,25.61,1.430,0.00,0.3,0.2,1.0,0.0,1.479,0.3593,0,,0,18.4,OK,sbr,StockABS,
02:51:14,straight,StockABS,StockABS2.pc,straight,4,80,0.0,0.0,1.0,1788774688-0002,48.4045,158.81,1.3457,2.52,80.0,48.40,1.346,0.00,0.3,0.2,1.5,0.0,1.981,0.2856,0,,0,19.0,OK,sbr,StockABS,
02:51:39,straight,StockABS,StockABS2.pc,straight,4,120,0.0,0.0,1.0,1788774714-0003,115.4483,378.77,1.2700,3.96,120.0,115.45,1.270,0.00,0.3,0.2,2.2,0.0,2.685,0.2038,0,,0,19.9,OK,sbr,StockABS,
02:52:04,straight,StockABS,StockABS2.pc,straight,4,160,0.0,0.0,1.0,1788774741-0004,204.0234,669.37,1.2778,5.31,160.0,204.02,1.278,0.00,0.2,0.2,3.7,0.0,2.780,0.2289,0,,0,23.0,OK,sbr,StockABS,
02:52:33,straight,StockABS,StockABS2.pc,straight,4,180,0.0,0.0,1.0,1788774772-0005,250.4181,821.58,1.3177,5.86,180.0,250.42,1.318,0.00,0.2,0.2,4.4,0.0,2.630,0.2528,0,,0,24.8,OK,sbr,StockABS,
02:53:25,straight,StockABS_TC_ESC,StockABSTCESC2.pc,straight,4,60,0.0,0.0,1.0,1788774818-0001,25.5978,83.98,1.4305,1.80,60.0,25.60,1.431,0.00,0.3,0.2,1.4,0.0,1.489,0.4691,0,,0,18.9,OK,sbr,StockABS_TC_ESC,
02:53:49,straight,StockABS_TC_ESC,StockABSTCESC2.pc,straight,4,80,0.0,0.0,1.0,1788774843-0002,49.2821,161.69,1.3217,2.56,80.0,49.28,1.322,0.00,0.3,0.2,1.5,0.0,2.005,0.2912,0,,0,18.8,OK,sbr,StockABS_TC_ESC,
02:54:14,straight,StockABS_TC_ESC,StockABSTCESC2.pc,straight,4,120,0.0,0.0,1.0,1788774868-0003,114.1165,374.40,1.2849,3.93,120.0,114.12,1.285,0.00,0.3,0.2,2.2,0.0,2.647,0.2036,0,,0,20.8,OK,sbr,StockABS_TC_ESC,
02:54:40,straight,StockABS_TC_ESC,StockABSTCESC2.pc,straight,4,160,0.0,0.0,1.0,1788774897-0004,203.5420,667.79,1.2808,5.31,160.0,203.54,1.281,0.00,0.2,0.2,3.7,0.0,2.808,0.2308,0,,0,21.6,OK,sbr,StockABS_TC_ESC,
02:55:07,straight,StockABS_TC_ESC,StockABSTCESC2.pc,straight,4,180,0.0,0.0,1.0,1788774926-0005,249.9908,820.18,1.3199,5.85,180.0,249.99,1.320,0.00,0.2,0.1,4.3,0.0,2.665,0.2478,0,,0,24.6,OK,sbr,StockABS_TC_ESC,
02:55:59,straight,DynamicABS,DynamicABS2.pc,straight,5,60,0.0,0.0,1.0,1788774972-0001,25.7576,84.51,1.4216,1.81,60.0,25.76,1.422,0.00,0.3,0.1,1.4,0.0,1.369,0.4855,0,6b41ae38-d111e559-110747,1,19.6,OK,sbr,DynamicABS,sbr_DynamicABS_60mph_rep5_1788774972-0001_2khz.csv
02:56:24,straight,DynamicABS,DynamicABS2.pc,straight,5,80,0.0,0.0,1.0,1788774998-0002,45.7251,150.02,1.4246,2.43,80.0,45.73,1.425,0.00,0.3,0.2,2.0,0.0,1.873,0.4126,0,6b41ae38-d111e559-110747,1,19.8,OK,sbr,DynamicABS,sbr_DynamicABS_80mph_rep5_1788774998-0002_2khz.csv
02:56:50,straight,DynamicABS,DynamicABS2.pc,straight,5,120,0.0,0.0,1.0,1788775024-0003,101.6481,333.49,1.4425,3.65,120.0,101.65,1.442,0.00,0.3,0.2,2.7,0.0,2.515,0.2835,0,6b41ae38-d111e559-110747,1,20.7,OK,sbr,DynamicABS,sbr_DynamicABS_120mph_rep5_1788775024-0003_2khz.csv
02:57:16,straight,DynamicABS,DynamicABS2.pc,straight,5,160,0.0,0.0,1.0,1788775053-0004,177.7971,583.32,1.4663,4.87,160.0,177.80,1.466,0.00,0.2,0.2,4.5,0.0,2.577,0.3136,0,6b41ae38-d111e559-110747,1,24.3,OK,sbr,DynamicABS,sbr_DynamicABS_160mph_rep5_1788775053-0004_2khz.csv
02:57:46,straight,DynamicABS,DynamicABS2.pc,straight,5,180,0.0,0.0,1.0,1788775085-0005,219.6023,720.48,1.5026,5.37,180.0,219.60,1.503,0.00,0.2,0.1,5.2,100.0,2.607,0.3208,0,6b41ae38-d111e559-110747,1,25.7,OK,sbr,DynamicABS,sbr_DynamicABS_180mph_rep5_1788775085-0005_2khz.csv
02:58:39,straight,StockABS,StockABS2.pc,straight,5,60,0.0,0.0,1.0,1788775132-0001,25.6407,84.12,1.4281,1.80,60.0,25.64,1.428,0.00,0.3,0.2,1.6,0.0,1.748,0.5541,0,,0,19.1,OK,sbr,StockABS,
02:59:03,straight,StockABS,StockABS2.pc,straight,5,80,0.0,0.0,1.0,1788775157-0002,48.8100,160.14,1.3345,2.53,80.0,48.81,1.335,0.00,0.3,0.2,1.5,0.0,2.004,0.2850,0,,0,18.8,OK,sbr,StockABS,
02:59:28,straight,StockABS,StockABS2.pc,straight,5,120,0.0,0.0,1.0,1788775182-0003,116.9932,383.84,1.2533,4.01,120.0,116.99,1.253,0.00,0.3,0.2,2.3,0.0,2.755,0.2073,0,,0,20.3,OK,sbr,StockABS,
02:59:54,straight,StockABS,StockABS2.pc,straight,5,160,0.0,0.0,1.0,1788775210-0004,203.1098,666.37,1.2836,5.29,160.0,203.11,1.284,0.00,0.2,0.2,4.0,0.0,2.727,0.2504,0,,0,22.5,OK,sbr,StockABS,
03:00:21,straight,StockABS,StockABS2.pc,straight,5,180,0.0,0.0,1.0,1788775240-0005,252.3295,827.85,1.3077,5.89,180.0,252.33,1.308,0.00,0.2,0.2,4.0,0.0,2.719,0.2262,0,,0,24.8,OK,sbr,StockABS,
03:01:13,straight,StockABS_TC_ESC,StockABSTCESC2.pc,straight,5,60,0.0,0.0,1.0,1788775287-0001,25.6600,84.19,1.4270,1.81,60.0,25.66,1.427,0.00,0.3,0.2,1.2,0.0,1.546,0.4193,0,,0,19.0,OK,sbr,StockABS_TC_ESC,
03:01:38,straight,StockABS_TC_ESC,StockABSTCESC2.pc,straight,5,80,0.0,0.0,1.0,1788775311-0002,49.0816,161.03,1.3272,2.55,80.0,49.08,1.327,0.00,0.3,0.2,1.6,0.0,2.028,0.3036,0,,0,18.2,OK,sbr,StockABS_TC_ESC,
03:02:02,straight,StockABS_TC_ESC,StockABSTCESC2.pc,straight,5,120,0.0,0.0,1.0,1788775336-0003,115.6948,379.58,1.2673,3.97,120.0,115.69,1.267,0.00,0.3,0.2,2.3,0.0,2.725,0.2076,0,,0,20.1,OK,sbr,StockABS_TC_ESC,
03:02:27,straight,StockABS_TC_ESC,StockABSTCESC2.pc,straight,5,160,0.0,0.0,1.0,1788775364-0004,202.9142,665.73,1.2848,5.30,160.0,202.91,1.285,0.00,0.2,0.2,3.8,0.0,2.805,0.2350,0,,0,22.6,OK,sbr,StockABS_TC_ESC,
03:02:55,straight,StockABS_TC_ESC,StockABSTCESC2.pc,straight,5,180,0.0,0.0,1.0,1788775394-0005,250.0272,820.30,1.3197,5.85,180.0,250.03,1.320,0.00,0.2,0.1,4.7,0.0,2.650,0.2684,0,,0,23.5,OK,sbr,StockABS_TC_ESC,
03:03:46,straight,DynamicABS,DynamicABS2.pc,straight,6,60,0.0,0.0,1.0,1788775440-0001,26.8962,88.24,1.3615,1.86,60.0,26.90,1.361,0.00,0.3,0.1,1.6,0.0,1.410,0.5525,0,6b41ae38-d111e559-110747,1,19.9,OK,sbr,DynamicABS,sbr_DynamicABS_60mph_rep6_1788775440-0001_2khz.csv
03:04:12,straight,DynamicABS,DynamicABS2.pc,straight,6,80,0.0,0.0,1.0,1788775466-0002,45.3472,148.78,1.4364,2.43,80.0,45.35,1.436,0.00,0.3,0.2,1.7,0.0,1.885,0.3523,0,6b41ae38-d111e559-110747,1,19.2,OK,sbr,DynamicABS,sbr_DynamicABS_80mph_rep6_1788775466-0002_2khz.csv
03:04:36,straight,DynamicABS,DynamicABS2.pc,straight,6,120,0.0,0.0,1.0,1788775491-0003,101.6142,333.38,1.4430,3.66,120.0,101.61,1.443,0.00,0.3,0.2,2.6,0.0,2.483,0.2710,0,6b41ae38-d111e559-110747,1,21.8,OK,sbr,DynamicABS,sbr_DynamicABS_120mph_rep6_1788775491-0003_2khz.csv
03:05:04,straight,DynamicABS,DynamicABS2.pc,straight,6,160,0.0,0.0,1.0,1788775521-0004,176.1302,577.86,1.4802,4.80,160.0,176.13,1.480,0.00,0.2,0.2,4.4,0.0,2.623,0.3087,0,6b41ae38-d111e559-110747,1,24.2,OK,sbr,DynamicABS,sbr_DynamicABS_160mph_rep6_1788775521-0004_2khz.csv
03:05:34,straight,DynamicABS,DynamicABS2.pc,straight,6,180,0.0,0.0,1.0,1788775553-0005,219.4192,719.88,1.5038,5.40,180.0,219.42,1.504,0.00,0.2,0.1,5.2,100.0,2.607,0.3208,0,6b41ae38-d111e559-110747,1,26.9,OK,sbr,DynamicABS,sbr_DynamicABS_180mph_rep6_1788775553-0005_2khz.csv
03:06:28,straight,StockABS,StockABS2.pc,straight,6,60,0.0,0.0,1.0,1788775601-0001,25.6147,84.04,1.4296,1.80,60.0,25.61,1.430,0.00,0.3,0.2,1.1,0.0,1.526,0.3949,0,,0,19.3,OK,sbr,StockABS,
03:06:53,straight,StockABS,StockABS2.pc,straight,6,80,0.0,0.0,1.0,1788775626-0002,49.0919,161.06,1.3269,2.56,80.0,49.09,1.327,0.00,0.3,0.2,1.6,0.0,2.027,0.3027,0,,0,19.1,OK,sbr,StockABS,
03:07:17,straight,StockABS,StockABS2.pc,straight,6,120,0.0,0.0,1.0,1788775652-0003,115.8511,380.09,1.2656,3.96,120.0,115.85,1.266,0.00,0.3,0.2,2.0,0.0,2.735,0.1837,0,,0,19.4,OK,sbr,StockABS,
03:07:42,straight,StockABS,StockABS2.pc,straight,6,160,0.0,0.0,1.0,1788775679-0004,203.4087,667.35,1.2817,5.31,160.0,203.41,1.282,0.00,0.2,0.2,3.9,0.0,2.804,0.2401,0,,0,22.7,OK,sbr,StockABS,
03:08:10,straight,StockABS,StockABS2.pc,straight,6,180,0.0,0.0,1.0,1788775709-0005,250.1331,820.65,1.3192,5.86,180.0,250.13,1.319,0.00,0.2,0.1,4.7,0.0,2.609,0.2705,0,,0,24.6,OK,sbr,StockABS,
03:09:02,straight,StockABS_TC_ESC,StockABSTCESC2.pc,straight,6,60,0.0,0.0,1.0,1788775755-0001,25.8044,84.66,1.4191,1.82,60.0,25.80,1.419,0.00,0.3,0.2,1.3,0.0,1.555,0.4374,0,,0,17.8,OK,sbr,StockABS_TC_ESC,
03:09:25,straight,StockABS_TC_ESC,StockABSTCESC2.pc,straight,6,80,0.0,0.0,1.0,1788775779-0002,49.0704,160.99,1.3274,2.55,80.0,49.07,1.327,0.00,0.3,0.2,1.5,0.0,1.950,0.2975,0,,0,19.0,OK,sbr,StockABS_TC_ESC,
03:09:50,straight,StockABS_TC_ESC,StockABSTCESC2.pc,straight,6,120,0.0,0.0,1.0,1788775805-0003,115.8383,380.05,1.2658,3.98,120.0,115.84,1.266,0.00,0.3,0.2,2.4,0.0,2.686,0.2202,0,,0,20.5,OK,sbr,StockABS_TC_ESC,
03:10:16,straight,StockABS_TC_ESC,StockABSTCESC2.pc,straight,6,160,0.0,0.0,1.0,1788775833-0004,203.2585,666.86,1.2826,5.29,160.0,203.26,1.283,0.00,0.2,0.2,3.5,0.0,2.815,0.2168,0,,0,22.7,OK,sbr,StockABS_TC_ESC,
03:10:44,straight,StockABS_TC_ESC,StockABSTCESC2.pc,straight,6,180,0.0,0.0,1.0,1788775863-0005,251.0622,823.69,1.3143,5.86,180.0,251.06,1.314,0.00,0.2,0.1,4.4,0.0,2.698,0.2525,0,,0,24.9,OK,sbr,StockABS_TC_ESC,
03:11:36,straight,DynamicABS,DynamicABS2.pc,straight,7,60,0.0,0.0,1.0,1788775910-0001,26.5786,87.20,1.3777,1.85,60.0,26.58,1.378,0.00,0.3,0.2,1.4,0.0,1.497,0.4676,0,6b41ae38-d111e559-110747,1,18.8,OK,sbr,DynamicABS,sbr_DynamicABS_60mph_rep7_1788775910-0001_2khz.csv
03:12:01,straight,DynamicABS,DynamicABS2.pc,straight,7,80,0.0,0.0,1.0,1788775935-0002,45.2621,148.50,1.4391,2.42,80.0,45.26,1.439,0.00,0.3,0.2,1.4,0.0,1.937,0.2884,0,6b41ae38-d111e559-110747,1,18.9,OK,sbr,DynamicABS,sbr_DynamicABS_80mph_rep7_1788775935-0002_2khz.csv
03:12:25,straight,DynamicABS,DynamicABS2.pc,straight,7,120,0.0,0.0,1.0,1788775960-0003,101.8777,334.24,1.4392,3.66,120.0,101.88,1.439,0.00,0.3,0.2,2.6,0.0,2.544,0.2694,0,6b41ae38-d111e559-110747,1,21.9,OK,sbr,DynamicABS,sbr_DynamicABS_120mph_rep7_1788775960-0003_2khz.csv
03:12:53,straight,DynamicABS,DynamicABS2.pc,straight,7,160,0.0,0.0,1.0,1788775990-0004,176.1722,577.99,1.4798,4.83,160.0,176.17,1.480,0.00,0.2,0.2,4.2,0.0,2.635,0.2949,0,6b41ae38-d111e559-110747,1,24.6,OK,sbr,DynamicABS,sbr_DynamicABS_160mph_rep7_1788775990-0004_2khz.csv
03:13:23,straight,DynamicABS,DynamicABS2.pc,straight,7,180,0.0,0.0,1.0,1788776023-0005,219.7815,721.07,1.5013,5.40,180.0,219.78,1.501,0.00,0.2,0.1,5.5,100.0,2.585,0.3423,0,6b41ae38-d111e559-110747,1,27.2,OK,sbr,DynamicABS,sbr_DynamicABS_180mph_rep7_1788776023-0005_2khz.csv
03:14:16,straight,StockABS,StockABS2.pc,straight,7,60,0.0,0.0,1.0,1788776069-0001,25.5797,83.92,1.4315,1.80,60.0,25.58,1.432,0.00,0.3,0.2,1.3,0.0,1.595,0.4404,0,,0,19.1,OK,sbr,StockABS,
03:14:41,straight,StockABS,StockABS2.pc,straight,7,80,0.0,0.0,1.0,1788776095-0002,48.7721,160.01,1.3356,2.54,80.0,48.77,1.336,0.00,0.3,0.2,1.6,0.0,2.032,0.3158,0,,0,19.0,OK,sbr,StockABS,
03:15:05,straight,StockABS,StockABS2.pc,straight,7,120,0.0,0.0,1.0,1788776122-0003,115.8407,380.05,1.2657,3.97,120.0,115.84,1.266,0.00,0.3,0.2,2.4,0.0,2.735,0.2222,0,,0,22.2,OK,sbr,StockABS,
03:15:33,straight,StockABS,StockABS2.pc,straight,7,160,0.0,0.0,1.0,1788776152-0004,202.4782,664.30,1.2876,5.29,160.0,202.48,1.288,0.00,0.2,0.2,3.7,0.0,2.757,0.2313,0,,0,24.8,OK,sbr,StockABS,
03:16:04,straight,StockABS,StockABS2.pc,straight,7,180,0.0,0.0,1.0,1788776184-0005,250.5851,822.13,1.3168,5.86,180.0,250.59,1.317,0.00,0.2,0.2,4.1,0.0,2.721,0.2361,0,,0,25.3,OK,sbr,StockABS,
03:16:56,straight,StockABS_TC_ESC,StockABSTCESC2.pc,straight,7,60,0.0,0.0,1.0,1788776231-0001,25.4658,83.55,1.4380,1.80,60.0,25.47,1.438,0.00,0.3,0.2,1.2,0.0,1.495,0.4043,0,,0,20.2,OK,sbr,StockABS_TC_ESC,
03:17:22,straight,StockABS_TC_ESC,StockABSTCESC2.pc,straight,7,80,0.0,0.0,1.0,1788776256-0002,49.1527,161.26,1.3252,2.55,80.0,49.15,1.325,0.00,0.3,0.2,1.5,0.0,2.004,0.2858,0,,0,20.5,OK,sbr,StockABS_TC_ESC,
03:17:48,straight,StockABS_TC_ESC,StockABSTCESC2.pc,straight,7,120,0.0,0.0,1.0,1788776283-0003,116.4338,382.00,1.2593,3.98,120.0,116.43,1.259,0.00,0.3,0.2,2.2,0.0,2.735,0.2049,0,,0,21.8,OK,sbr,StockABS_TC_ESC,
03:18:15,straight,StockABS_TC_ESC,StockABSTCESC2.pc,straight,7,160,0.0,0.0,1.0,1788776313-0004,203.5840,667.93,1.2806,5.30,160.0,203.58,1.281,0.00,0.2,0.2,3.7,0.0,2.803,0.2293,0,,0,23.5,OK,sbr,StockABS_TC_ESC,
03:18:44,straight,StockABS_TC_ESC,StockABSTCESC2.pc,straight,7,180,0.0,0.0,1.0,1788776342-0005,251.3830,824.75,1.3126,5.86,180.0,251.38,1.313,0.00,0.2,0.2,4.2,0.0,2.683,0.2380,0,,0,23.1,OK,sbr,StockABS_TC_ESC,
03:19:34,straight,DynamicABS,DynamicABS2.pc,straight,8,60,0.0,0.0,1.0,1788776386-0001,25.9572,85.16,1.4107,1.81,60.0,25.96,1.411,0.00,0.3,0.2,1.2,0.0,1.492,0.4184,0,6b41ae38-d111e559-110747,1,17.8,OK,sbr,DynamicABS,sbr_DynamicABS_60mph_rep8_1788776386-0001_2khz.csv
03:19:57,straight,DynamicABS,DynamicABS2.pc,straight,8,80,0.0,0.0,1.0,1788776410-0002,45.4991,149.28,1.4316,2.43,80.0,45.50,1.432,0.00,0.3,0.2,1.9,0.0,1.808,0.3825,0,6b41ae38-d111e559-110747,1,17.6,OK,sbr,DynamicABS,sbr_DynamicABS_80mph_rep8_1788776410-0002_2khz.csv
03:20:20,straight,DynamicABS,DynamicABS2.pc,straight,8,120,0.0,0.0,1.0,1788776434-0003,101.9725,334.56,1.4379,3.66,120.0,101.97,1.438,0.00,0.3,0.2,2.7,0.0,2.513,0.2811,0,6b41ae38-d111e559-110747,1,19.8,OK,sbr,DynamicABS,sbr_DynamicABS_120mph_rep8_1788776434-0003_2khz.csv
03:20:45,straight,DynamicABS,DynamicABS2.pc,straight,8,160,0.0,0.0,1.0,1788776462-0004,176.4989,579.06,1.4771,4.82,160.0,176.50,1.477,0.00,0.2,0.2,4.2,0.0,2.702,0.2942,0,6b41ae38-d111e559-110747,1,22.5,OK,sbr,DynamicABS,sbr_DynamicABS_160mph_rep8_1788776462-0004_2khz.csv
03:21:13,straight,DynamicABS,DynamicABS2.pc,straight,8,180,0.0,0.0,1.0,1788776491-0005,219.9005,721.46,1.5005,5.39,180.0,219.90,1.501,0.00,0.2,0.1,5.0,0.0,2.603,0.3072,0,6b41ae38-d111e559-110747,1,24.2,OK,sbr,DynamicABS,sbr_DynamicABS_180mph_rep8_1788776491-0005_2khz.csv
03:22:04,straight,StockABS,StockABS2.pc,straight,8,60,0.0,0.0,1.0,1788776536-0001,25.8807,84.91,1.4149,1.81,60.0,25.88,1.415,0.00,0.3,0.2,1.3,0.0,1.600,0.4318,0,,0,16.9,OK,sbr,StockABS,
03:22:26,straight,StockABS,StockABS2.pc,straight,8,80,0.0,0.0,1.0,1788776558-0002,49.4180,162.13,1.3181,2.55,80.0,49.42,1.318,0.00,0.3,0.2,1.4,0.0,2.044,0.2742,0,,0,16.7,OK,sbr,StockABS,
03:22:49,straight,StockABS,StockABS2.pc,straight,8,120,0.0,0.0,1.0,1788776581-0003,116.0708,380.81,1.2632,3.98,120.0,116.07,1.263,0.00,0.3,0.2,2.3,0.0,2.727,0.2106,0,,0,18.0,OK,sbr,StockABS,
03:23:12,straight,StockABS,StockABS2.pc,straight,8,160,0.0,0.0,1.0,1788776607-0004,202.6138,664.74,1.2867,5.29,160.0,202.61,1.287,0.00,0.2,0.2,3.6,0.0,2.825,0.2252,0,,0,20.2,OK,sbr,StockABS,
03:23:38,straight,StockABS,StockABS2.pc,straight,8,180,0.0,0.0,1.0,1788776634-0005,251.7848,826.07,1.3105,5.86,180.0,251.79,1.311,0.00,0.2,0.2,4.1,0.0,2.723,0.2347,0,,0,22.3,OK,sbr,StockABS,
03:24:26,straight,StockABS_TC_ESC,StockABSTCESC2.pc,straight,8,60,0.0,0.0,1.0,1788776678-0001,25.9059,84.99,1.4135,1.82,60.0,25.91,1.413,0.00,0.3,0.2,1.0,0.0,1.494,0.3499,0,,0,17.2,OK,sbr,StockABS_TC_ESC,
03:24:48,straight,StockABS_TC_ESC,StockABSTCESC2.pc,straight,8,80,0.0,0.0,1.0,1788776701-0002,48.9948,160.74,1.3295,2.55,80.0,48.99,1.329,0.00,0.3,0.2,1.5,0.0,1.984,0.2860,0,,0,17.3,OK,sbr,StockABS_TC_ESC,
03:25:11,straight,StockABS_TC_ESC,StockABSTCESC2.pc,straight,8,120,0.0,0.0,1.0,1788776725-0003,115.9703,380.48,1.2643,3.97,120.0,115.97,1.264,0.00,0.3,0.2,2.1,0.0,2.743,0.1899,0,,0,19.2,OK,sbr,StockABS_TC_ESC,
03:25:36,straight,StockABS_TC_ESC,StockABSTCESC2.pc,straight,8,160,0.0,0.0,1.0,1788776752-0004,202.4937,664.35,1.2875,5.29,160.0,202.49,1.287,0.00,0.2,0.2,3.6,0.0,2.805,0.2285,0,,0,21.8,OK,sbr,StockABS_TC_ESC,
03:26:03,straight,StockABS_TC_ESC,StockABSTCESC2.pc,straight,8,180,0.0,0.0,1.0,1788776780-0005,250.5154,821.90,1.3172,5.85,180.0,250.52,1.317,0.00,0.2,0.1,4.5,0.0,2.686,0.2575,0,,0,22.4,OK,sbr,StockABS_TC_ESC,
03:26:52,straight,DynamicABS,DynamicABS2.pc,straight,9,60,0.0,0.0,1.0,1788776825-0001,26.0337,85.41,1.4066,1.83,60.0,26.03,1.407,0.00,0.3,0.2,1.4,0.0,1.487,0.4879,0,6b41ae38-d111e559-110747,1,17.2,OK,sbr,DynamicABS,sbr_DynamicABS_60mph_rep9_1788776825-0001_2khz.csv
03:27:15,straight,DynamicABS,DynamicABS2.pc,straight,9,80,0.0,0.0,1.0,1788776848-0002,45.8679,150.49,1.4201,2.44,80.0,45.87,1.420,0.00,0.3,0.2,1.4,0.0,2.049,0.2880,0,6b41ae38-d111e559-110747,1,18.9,OK,sbr,DynamicABS,sbr_DynamicABS_80mph_rep9_1788776848-0002_2khz.csv
03:27:39,straight,DynamicABS,DynamicABS2.pc,straight,9,120,0.0,0.0,1.0,1788776873-0003,100.0800,328.35,1.4651,3.62,120.0,100.08,1.465,0.00,0.3,0.2,2.8,0.0,2.475,0.2974,0,6b41ae38-d111e559-110747,1,20.1,OK,sbr,DynamicABS,sbr_DynamicABS_120mph_rep9_1788776873-0003_2khz.csv
03:28:05,straight,DynamicABS,DynamicABS2.pc,straight,9,160,0.0,0.0,1.0,1788776901-0004,176.3944,578.72,1.4780,4.82,160.0,176.40,1.478,0.00,0.2,0.2,4.2,0.0,2.629,0.2932,0,6b41ae38-d111e559-110747,1,22.3,OK,sbr,DynamicABS,sbr_DynamicABS_160mph_rep9_1788776901-0004_2khz.csv
03:28:33,straight,DynamicABS,DynamicABS2.pc,straight,9,180,0.0,0.0,1.0,1788776930-0005,219.4485,719.98,1.5036,5.38,180.0,219.45,1.504,0.00,0.2,0.1,5.0,0.0,2.624,0.3056,0,6b41ae38-d111e559-110747,1,24.4,OK,sbr,DynamicABS,sbr_DynamicABS_180mph_rep9_1788776930-0005_2khz.csv
03:29:23,straight,StockABS,StockABS2.pc,straight,9,60,0.0,0.0,1.0,1788776975-0001,25.9135,85.02,1.4131,1.82,60.0,25.91,1.413,0.00,0.3,0.2,1.4,0.0,1.541,0.4779,0,,0,17.4,OK,sbr,StockABS,
03:29:46,straight,StockABS,StockABS2.pc,straight,9,80,0.0,0.0,1.0,1788776998-0002,49.3477,161.90,1.3200,2.55,80.0,49.35,1.320,0.00,0.3,0.2,1.7,0.0,2.031,0.3137,0,,0,17.1,OK,sbr,StockABS,
03:30:09,straight,StockABS,StockABS2.pc,straight,9,120,0.0,0.0,1.0,1788777022-0003,114.8074,376.66,1.2771,3.96,120.0,114.81,1.277,0.00,0.3,0.2,2.7,0.0,2.648,0.2544,0,,0,18.5,OK,sbr,StockABS,
03:30:33,straight,StockABS,StockABS2.pc,straight,9,160,0.0,0.0,1.0,1788777048-0004,203.4622,667.53,1.2813,5.30,160.0,203.46,1.281,0.00,0.2,0.2,3.8,0.0,2.784,0.2353,0,,0,20.7,OK,sbr,StockABS,
03:30:59,straight,StockABS,StockABS2.pc,straight,9,180,0.0,0.0,1.0,1788777076-0005,251.1559,824.00,1.3138,5.87,180.0,251.16,1.314,0.00,0.2,0.1,4.8,0.0,2.625,0.2756,0,,0,22.7,OK,sbr,StockABS,
03:31:47,straight,StockABS_TC_ESC,StockABSTCESC2.pc,straight,9,60,0.0,0.0,1.0,1788777119-0001,25.8247,84.73,1.4180,1.81,60.0,25.83,1.418,0.00,0.3,0.2,1.3,0.0,1.542,0.4531,0,,0,16.4,OK,sbr,StockABS_TC_ESC,
03:32:09,straight,StockABS_TC_ESC,StockABSTCESC2.pc,straight,9,80,0.0,0.0,1.0,1788777142-0002,48.8449,160.25,1.3336,2.53,80.0,48.85,1.334,0.00,0.3,0.2,1.5,0.0,2.044,0.2906,0,,0,17.1,OK,sbr,StockABS_TC_ESC,
03:32:32,straight,StockABS_TC_ESC,StockABSTCESC2.pc,straight,9,120,0.0,0.0,1.0,1788777165-0003,115.9202,380.32,1.2649,3.97,120.0,115.92,1.265,0.00,0.3,0.2,2.3,0.0,2.679,0.2119,0,,0,18.5,OK,sbr,StockABS_TC_ESC,
03:32:56,straight,StockABS_TC_ESC,StockABSTCESC2.pc,straight,9,160,0.0,0.0,1.0,1788777191-0004,202.0428,662.87,1.2903,5.27,160.0,202.04,1.290,0.00,0.2,0.2,3.6,0.0,2.803,0.2269,0,,0,20.6,OK,sbr,StockABS_TC_ESC,
03:33:22,straight,StockABS_TC_ESC,StockABSTCESC2.pc,straight,9,180,0.0,0.0,1.0,1788777219-0005,250.8104,822.87,1.3156,5.86,180.0,250.81,1.316,0.00,0.2,0.1,4.4,0.0,2.697,0.2522,0,,0,22.7,OK,sbr,StockABS_TC_ESC,
03:34:11,straight,DynamicABS,DynamicABS2.pc,straight,10,60,0.0,0.0,1.0,1788777263-0001,26.1833,85.90,1.3985,1.83,60.0,26.18,1.399,0.00,0.3,0.2,1.3,0.0,1.501,0.4346,0,6b41ae38-d111e559-110747,1,17.9,OK,sbr,DynamicABS,sbr_DynamicABS_60mph_rep10_1788777263-0001_2khz.csv
03:34:34,straight,DynamicABS,DynamicABS2.pc,straight,10,80,0.0,0.0,1.0,1788777287-0002,45.9303,150.69,1.4182,2.44,80.0,45.93,1.418,0.00,0.3,0.2,1.3,0.0,2.011,0.2570,0,6b41ae38-d111e559-110747,1,17.8,OK,sbr,DynamicABS,sbr_DynamicABS_80mph_rep10_1788777287-0002_2khz.csv
03:34:58,straight,DynamicABS,DynamicABS2.pc,straight,10,120,0.0,0.0,1.0,1788777311-0003,99.9375,327.88,1.4672,3.62,120.0,99.94,1.467,0.00,0.3,0.2,2.9,0.0,2.383,0.3092,0,6b41ae38-d111e559-110747,1,19.6,OK,sbr,DynamicABS,sbr_DynamicABS_120mph_rep10_1788777311-0003_2khz.csv
03:35:23,straight,DynamicABS,DynamicABS2.pc,straight,10,160,0.0,0.0,1.0,1788777338-0004,176.6639,579.61,1.4757,4.83,160.0,176.66,1.476,0.00,0.2,0.2,4.6,0.0,2.616,0.3200,0,6b41ae38-d111e559-110747,1,22.2,OK,sbr,DynamicABS,sbr_DynamicABS_160mph_rep10_1788777338-0004_2khz.csv
03:35:50,straight,DynamicABS,DynamicABS2.pc,straight,10,180,0.0,0.0,1.0,1788777368-0005,219.7110,720.84,1.5018,5.41,180.0,219.71,1.502,0.00,0.2,0.1,4.6,0.0,2.715,0.2837,0,6b41ae38-d111e559-110747,1,24.3,OK,sbr,DynamicABS,sbr_DynamicABS_180mph_rep10_1788777368-0005_2khz.csv
03:36:41,straight,StockABS,StockABS2.pc,straight,10,60,0.0,0.0,1.0,1788777413-0001,26.4264,86.70,1.3857,1.84,60.0,26.43,1.386,0.00,0.3,0.2,1.3,0.0,1.566,0.4477,0,,0,16.9,OK,sbr,StockABS,
03:37:03,straight,StockABS,StockABS2.pc,straight,10,80,0.0,0.0,1.0,1788777436-0002,48.3600,158.66,1.3470,2.53,80.0,48.36,1.347,0.00,0.3,0.2,1.7,0.0,1.975,0.3243,0,,0,16.9,OK,sbr,StockABS,
03:37:26,straight,StockABS,StockABS2.pc,straight,10,120,0.0,0.0,1.0,1788777459-0003,115.8112,379.96,1.2661,3.97,120.0,115.81,1.266,0.00,0.3,0.2,2.1,0.0,2.731,0.1963,0,,0,18.2,OK,sbr,StockABS,
03:37:49,straight,StockABS,StockABS2.pc,straight,10,160,0.0,0.0,1.0,1788777484-0004,203.0916,666.31,1.2837,5.29,160.0,203.09,1.284,0.00,0.2,0.2,3.7,0.0,2.813,0.2327,0,,0,20.2,OK,sbr,StockABS,
03:38:15,straight,StockABS,StockABS2.pc,straight,10,180,0.0,0.0,1.0,1788777512-0005,251.0555,823.67,1.3143,5.86,180.0,251.06,1.314,0.00,0.2,0.1,4.5,0.0,2.666,0.2578,0,,0,22.4,OK,sbr,StockABS,
03:39:04,straight,StockABS_TC_ESC,StockABSTCESC2.pc,straight,10,60,0.0,0.0,1.0,1788777555-0001,25.5968,83.98,1.4306,1.80,60.0,25.60,1.431,0.00,0.3,0.2,1.5,0.0,1.555,0.5146,0,,0,16.3,OK,sbr,StockABS_TC_ESC,
03:39:25,straight,StockABS_TC_ESC,StockABSTCESC2.pc,straight,10,80,0.0,0.0,1.0,1788777578-0002,48.7995,160.10,1.3348,2.53,80.0,48.80,1.335,0.00,0.3,0.2,1.7,0.0,2.017,0.3315,0,,0,17.0,OK,sbr,StockABS_TC_ESC,
03:39:48,straight,StockABS_TC_ESC,StockABSTCESC2.pc,straight,10,120,0.0,0.0,1.0,1788777601-0003,117.3365,384.96,1.2496,4.01,120.0,117.34,1.250,0.00,0.3,0.2,2.3,0.0,2.755,0.2131,0,,0,18.3,OK,sbr,StockABS_TC_ESC,
03:40:12,straight,StockABS_TC_ESC,StockABSTCESC2.pc,straight,10,160,0.0,0.0,1.0,1788777627-0004,203.7701,668.54,1.2794,5.31,160.0,203.77,1.279,0.00,0.2,0.2,3.8,0.0,2.791,0.2377,0,,0,20.3,OK,sbr,StockABS_TC_ESC,
03:40:37,straight,StockABS_TC_ESC,StockABSTCESC2.pc,straight,10,180,0.0,0.0,1.0,1788777654-0005,250.2626,821.07,1.3185,5.84,180.0,250.26,1.318,0.00,0.2,0.2,3.9,0.0,2.729,0.2249,0,,0,22.2,OK,sbr,StockABS_TC_ESC,
03:41:26,straight,DynamicABS,DynamicABS3.pc,straight,1,60,0.0,0.0,1.0,1788777700-0001,31.0040,101.72,1.1811,2.21,60.0,31.00,1.181,0.00,0.2,0.1,1.3,0.0,0.962,0.6370,0,6b41ae38-d111e559-110747,1,18.6,OK,scintilla,DynamicABS,scintilla_DynamicABS_60mph_rep1_1788777700-0001_2khz.csv
03:41:50,straight,DynamicABS,DynamicABS3.pc,straight,1,80,0.0,0.0,1.0,1788777724-0002,53.8474,176.66,1.2097,2.93,80.0,53.85,1.210,0.00,0.2,0.1,1.7,0.0,1.069,0.4852,0,6b41ae38-d111e559-110747,1,19.0,OK,scintilla,DynamicABS,scintilla_DynamicABS_80mph_rep1_1788777724-0002_2khz.csv
03:42:15,straight,DynamicABS,DynamicABS3.pc,straight,1,120,0.0,0.0,1.0,1788777749-0003,114.0785,374.27,1.2853,4.25,120.0,114.08,1.285,0.00,0.2,0.1,2.7,0.0,1.790,0.3501,0,6b41ae38-d111e559-110747,1,21.6,OK,scintilla,DynamicABS,scintilla_DynamicABS_120mph_rep1_1788777749-0003_2khz.csv
03:42:42,straight,DynamicABS,DynamicABS3.pc,straight,1,160,0.0,0.0,1.0,1788777778-0004,193.0946,633.51,1.3501,5.52,160.0,193.09,1.350,0.00,0.2,0.1,4.8,0.0,2.688,0.3152,0,6b41ae38-d111e559-110747,1,24.0,OK,scintilla,DynamicABS,scintilla_DynamicABS_160mph_rep1_1788777778-0004_2khz.csv
03:43:12,straight,DynamicABS,DynamicABS3.pc,straight,1,180,0.0,0.0,1.0,1788777810-0005,236.2584,775.13,1.3966,6.07,180.0,236.26,1.397,0.00,0.2,0.1,5.6,100.0,3.326,0.2847,0,6b41ae38-d111e559-110747,1,25.2,OK,scintilla,DynamicABS,scintilla_DynamicABS_180mph_rep1_1788777810-0005_2khz.csv
03:44:03,straight,StockABS,StockABS3.pc,straight,1,60,0.0,0.0,1.0,1788777856-0001,31.3685,102.92,1.1673,2.22,60.0,31.37,1.167,0.00,0.2,0.1,1.3,0.0,0.862,0.6358,0,,0,17.7,OK,scintilla,StockABS,
03:47:37,straight,StockABS,StockABS3.pc,straight,1,80,0.0,0.0,1.0,1788778070-0002,53.9272,176.93,1.2079,2.91,80.0,53.93,1.208,0.00,0.2,0.1,1.6,0.0,1.162,0.4702,0,,0,18.2,OK,scintilla,StockABS,
03:51:51,straight,StockABS,StockABS3.pc,straight,1,120,0.0,0.0,1.0,1788778326-0003,117.3334,384.95,1.2496,4.33,120.0,117.33,1.250,0.00,0.2,0.1,3.1,0.0,1.922,0.3845,0,,0,20.5,OK,scintilla,StockABS,
03:52:17,straight,StockABS,StockABS3.pc,straight,1,160,0.0,0.0,1.0,1788778353-0004,195.5927,641.71,1.3329,5.57,160.0,195.59,1.333,0.00,0.2,0.1,4.7,0.0,2.788,0.2974,0,,0,22.6,OK,scintilla,StockABS,
03:52:45,straight,StockABS,StockABS3.pc,straight,1,180,0.0,0.0,1.0,1788778383-0005,243.5103,798.92,1.3550,6.19,180.0,243.51,1.355,0.00,0.2,0.1,5.0,0.0,3.642,0.2387,0,,0,23.9,OK,scintilla,StockABS,
03:53:36,straight,StockABS_TC_ESC,StockABSESCTC3.pc,straight,1,60,0.0,0.0,1.0,1788778429-0001,31.8217,104.40,1.1507,2.24,60.0,31.82,1.151,0.00,0.2,0.1,1.3,0.0,0.820,0.6792,0,,0,17.8,OK,scintilla,StockABS_TC_ESC,
03:53:59,straight,StockABS_TC_ESC,StockABSESCTC3.pc,straight,1,80,0.0,0.0,1.0,1788778452-0002,53.7957,176.50,1.2108,2.91,80.0,53.80,1.211,0.00,0.2,0.1,1.6,0.0,1.169,0.4812,0,,0,18.2,OK,scintilla,StockABS_TC_ESC,
03:54:23,straight,StockABS_TC_ESC,StockABSESCTC3.pc,straight,1,120,0.0,0.0,1.0,1788778477-0003,115.3948,378.59,1.2706,4.29,120.0,115.39,1.271,0.00,0.2,0.1,2.9,0.0,1.944,0.3498,0,,0,19.7,OK,scintilla,StockABS_TC_ESC,
03:54:48,straight,StockABS_TC_ESC,StockABSESCTC3.pc,straight,1,160,0.0,0.0,1.0,1788778504-0004,195.8444,642.53,1.3312,5.58,160.0,195.84,1.331,0.00,0.2,0.1,4.2,0.0,2.955,0.2637,0,,0,21.5,OK,scintilla,StockABS_TC_ESC,
03:55:15,straight,StockABS_TC_ESC,StockABSESCTC3.pc,straight,1,180,0.0,0.0,1.0,1788778532-0005,244.1459,801.00,1.3515,6.22,180.0,244.15,1.352,0.00,0.2,0.1,4.8,0.0,3.663,0.2309,0,,0,24.0,OK,scintilla,StockABS_TC_ESC,
03:56:05,straight,DynamicABS,DynamicABS3.pc,straight,2,60,0.0,0.0,1.0,1788778579-0001,30.3571,99.60,1.2062,2.18,60.0,30.36,1.206,0.00,0.2,0.1,1.4,0.0,0.950,0.7247,0,6b41ae38-d111e559-110747,1,18.4,OK,scintilla,DynamicABS,scintilla_DynamicABS_60mph_rep2_1788778579-0001_2khz.csv
03:56:29,straight,DynamicABS,DynamicABS3.pc,straight,2,80,0.0,0.0,1.0,1788778603-0002,53.2500,174.70,1.2233,2.91,80.0,53.25,1.223,0.00,0.2,0.1,1.9,0.0,1.219,0.5422,0,6b41ae38-d111e559-110747,1,19.1,OK,scintilla,DynamicABS,scintilla_DynamicABS_80mph_rep2_1788778603-0002_2khz.csv
03:56:54,straight,DynamicABS,DynamicABS3.pc,straight,2,120,0.0,0.0,1.0,1788778628-0003,114.3432,375.14,1.2823,4.27,120.0,114.34,1.282,0.00,0.2,0.1,2.7,0.0,1.872,0.3441,0,6b41ae38-d111e559-110747,1,21.5,OK,scintilla,DynamicABS,scintilla_DynamicABS_120mph_rep2_1788778628-0003_2khz.csv
03:57:21,straight,DynamicABS,DynamicABS3.pc,straight,2,160,0.0,0.0,1.0,1788778657-0004,191.3746,627.87,1.3623,5.51,160.0,191.37,1.362,0.00,0.2,0.1,4.5,0.0,2.671,0.2979,0,6b41ae38-d111e559-110747,1,23.9,OK,scintilla,DynamicABS,scintilla_DynamicABS_160mph_rep2_1788778657-0004_2khz.csv
03:57:50,straight,DynamicABS,DynamicABS3.pc,straight,2,180,0.0,0.0,1.0,1788778689-0005,233.3379,765.54,1.4141,6.03,180.0,233.34,1.414,0.00,0.2,0.1,5.3,100.0,3.353,0.2724,0,6b41ae38-d111e559-110747,1,25.4,OK,scintilla,DynamicABS,scintilla_DynamicABS_180mph_rep2_1788778689-0005_2khz.csv
03:58:42,straight,StockABS,StockABS3.pc,straight,2,60,0.0,0.0,1.0,1788778736-0001,31.0856,101.99,1.1780,2.21,60.0,31.09,1.178,0.00,0.2,0.1,1.4,0.0,0.887,0.6637,0,,0,18.0,OK,scintilla,StockABS,
03:59:06,straight,StockABS,StockABS3.pc,straight,2,80,0.0,0.0,1.0,1788778759-0002,53.8730,176.75,1.2091,2.92,80.0,53.87,1.209,0.00,0.2,0.1,1.7,0.0,1.135,0.4951,0,,0,19.3,OK,scintilla,StockABS,
03:59:31,straight,StockABS,StockABS3.pc,straight,2,120,0.0,0.0,1.0,1788778785-0003,115.8037,379.93,1.2661,4.28,120.0,115.80,1.266,0.00,0.2,0.1,2.9,0.0,1.873,0.3516,0,,0,20.5,OK,scintilla,StockABS,
04:04:27,straight,StockABS,StockABS3.pc,straight,2,160,0.0,0.0,1.0,1788779084-0004,196.8304,645.77,1.3245,5.60,160.0,196.83,1.325,0.00,0.2,0.1,4.7,0.0,2.816,0.2981,0,,0,22.8,OK,scintilla,StockABS,
04:04:56,straight,StockABS,StockABS3.pc,straight,2,180,0.0,0.0,1.0,1788779113-0005,244.3710,801.74,1.3503,6.20,180.0,244.37,1.350,0.00,0.2,0.1,5.7,100.0,3.536,0.2759,0,,0,23.7,OK,scintilla,StockABS,
04:05:46,straight,StockABS_TC_ESC,StockABSESCTC3.pc,straight,2,60,0.0,0.0,1.0,1788779159-0001,31.3746,102.94,1.1671,2.22,60.0,31.37,1.167,0.00,0.2,0.1,1.6,0.0,0.956,0.7982,0,,0,17.7,OK,scintilla,StockABS_TC_ESC,
04:06:09,straight,StockABS_TC_ESC,StockABSESCTC3.pc,straight,2,80,0.0,0.0,1.0,1788779182-0002,53.9029,176.85,1.2084,2.93,80.0,53.90,1.208,0.00,0.2,0.1,1.6,0.0,1.165,0.4811,0,,0,18.2,OK,scintilla,StockABS_TC_ESC,
04:06:33,straight,StockABS_TC_ESC,StockABSESCTC3.pc,straight,2,120,0.0,0.0,1.0,1788779207-0003,117.0806,384.12,1.2523,4.34,120.0,117.08,1.252,0.00,0.2,0.1,3.0,0.0,1.897,0.3667,0,,0,19.4,OK,scintilla,StockABS_TC_ESC,
04:06:58,straight,StockABS_TC_ESC,StockABSESCTC3.pc,straight,2,160,0.0,0.0,1.0,1788779234-0004,197.1584,646.85,1.3223,5.60,160.0,197.16,1.322,0.00,0.2,0.1,5.0,0.0,2.811,0.3157,0,,0,21.6,OK,scintilla,StockABS_TC_ESC,
04:07:25,straight,StockABS_TC_ESC,StockABSESCTC3.pc,straight,2,180,0.0,0.0,1.0,1788779262-0005,243.6697,799.44,1.3542,6.21,180.0,243.67,1.354,0.00,0.2,0.1,5.8,100.0,3.495,0.2814,0,,0,24.1,OK,scintilla,StockABS_TC_ESC,
04:08:16,straight,DynamicABS,DynamicABS3.pc,straight,3,60,0.0,0.0,1.0,1788779309-0001,31.5456,103.50,1.1608,2.23,60.0,31.55,1.161,0.00,0.2,0.1,1.4,0.0,0.974,0.6897,0,6b41ae38-d111e559-110747,1,18.5,OK,scintilla,DynamicABS,scintilla_DynamicABS_60mph_rep3_1788779309-0001_2khz.csv
04:08:40,straight,DynamicABS,DynamicABS3.pc,straight,3,80,0.0,0.0,1.0,1788779334-0002,53.2847,174.82,1.2225,2.91,80.0,53.28,1.222,0.00,0.2,0.1,1.7,0.0,1.070,0.5086,0,6b41ae38-d111e559-110747,1,19.2,OK,scintilla,DynamicABS,scintilla_DynamicABS_80mph_rep3_1788779334-0002_2khz.csv
04:09:05,straight,DynamicABS,DynamicABS3.pc,straight,3,120,0.0,0.0,1.0,1788779359-0003,115.4744,378.85,1.2698,4.31,120.0,115.47,1.270,0.00,0.2,0.1,2.9,0.0,1.836,0.3646,0,6b41ae38-d111e559-110747,1,21.5,OK,scintilla,DynamicABS,scintilla_DynamicABS_120mph_rep3_1788779359-0003_2khz.csv
04:09:32,straight,DynamicABS,DynamicABS3.pc,straight,3,160,0.0,0.0,1.0,1788779388-0004,192.5283,631.65,1.3541,5.51,160.0,192.53,1.354,0.00,0.2,0.1,4.7,0.0,2.714,0.3139,0,6b41ae38-d111e559-110747,1,23.9,OK,scintilla,DynamicABS,scintilla_DynamicABS_160mph_rep3_1788779388-0004_2khz.csv
04:14:53,straight,DynamicABS,DynamicABS3.pc,straight,3,180,0.0,0.0,1.0,1788779711-0005,236.6969,776.56,1.3941,6.07,180.0,236.70,1.394,0.00,0.2,0.1,5.5,100.0,3.331,0.2773,0,6b41ae38-d111e559-110747,1,25.3,OK,scintilla,DynamicABS,scintilla_DynamicABS_180mph_rep3_1788779711-0005_2khz.csv
04:15:44,straight,StockABS,StockABS3.pc,straight,3,60,0.0,0.0,1.0,1788779758-0001,31.4555,103.20,1.1641,2.23,60.0,31.46,1.164,0.00,0.2,0.1,1.3,0.0,0.848,0.6307,0,,0,17.9,OK,scintilla,StockABS,
04:16:08,straight,StockABS,StockABS3.pc,straight,3,80,0.0,0.0,1.0,1788779781-0002,52.9728,173.80,1.2297,2.90,80.0,52.97,1.230,0.00,0.2,0.1,1.5,0.0,1.225,0.4455,0,,0,18.2,OK,scintilla,StockABS,
04:16:32,straight,StockABS,StockABS3.pc,straight,3,120,0.0,0.0,1.0,1788779806-0003,115.9235,380.33,1.2648,4.32,120.0,115.92,1.265,0.00,0.2,0.1,2.8,0.0,1.877,0.3439,0,,0,20.1,OK,scintilla,StockABS,
04:16:57,straight,StockABS,StockABS3.pc,straight,3,160,0.0,0.0,1.0,1788779833-0004,197.9712,649.51,1.3169,5.62,160.0,197.97,1.317,0.00,0.2,0.1,4.6,0.0,2.823,0.2929,0,,0,22.7,OK,scintilla,StockABS,
04:17:25,straight,StockABS,StockABS3.pc,straight,3,180,0.0,0.0,1.0,1788779887-0005,241.0818,790.95,1.3687,6.17,180.0,241.08,1.369,0.00,0.2,0.1,6.0,100.0,3.516,0.2887,0,,0,48.2,OK,scintilla,StockABS,
04:18:40,straight,StockABS_TC_ESC,StockABSESCTC3.pc,straight,3,60,0.0,0.0,1.0,1788779933-0001,31.5109,103.38,1.1621,2.22,60.0,31.51,1.162,0.00,0.2,0.1,1.3,0.0,0.833,0.6571,0,,0,17.6,OK,scintilla,StockABS_TC_ESC,
04:19:03,straight,StockABS_TC_ESC,StockABSESCTC3.pc,straight,3,80,0.0,0.0,1.0,1788779956-0002,54.3747,178.39,1.1980,2.94,80.0,54.37,1.198,0.00,0.2,0.1,1.6,0.0,1.123,0.4527,0,,0,18.0,OK,scintilla,StockABS_TC_ESC,
04:19:27,straight,StockABS_TC_ESC,StockABSESCTC3.pc,straight,3,120,0.0,0.0,1.0,1788779981-0003,115.2733,378.19,1.2720,4.31,120.0,115.27,1.272,0.00,0.2,0.1,2.6,0.0,1.969,0.3181,0,,0,19.3,OK,scintilla,StockABS_TC_ESC,
04:19:52,straight,StockABS_TC_ESC,StockABSESCTC3.pc,straight,3,160,0.0,0.0,1.0,1788780007-0004,196.7647,645.55,1.3250,5.60,160.0,196.76,1.325,0.00,0.2,0.1,4.6,0.0,2.846,0.2896,0,,0,21.3,OK,scintilla,StockABS_TC_ESC,
04:20:18,straight,StockABS_TC_ESC,StockABSESCTC3.pc,straight,3,180,0.0,0.0,1.0,1788780036-0005,241.2693,791.57,1.3676,6.18,180.0,241.27,1.368,0.00,0.2,0.1,6.2,100.0,3.447,0.3023,0,,0,23.1,OK,scintilla,StockABS_TC_ESC,
04:21:08,straight,DynamicABS,DynamicABS3.pc,straight,4,60,0.0,0.0,1.0,1788780082-0001,31.1406,102.17,1.1759,2.21,60.0,31.14,1.176,0.00,0.2,0.1,1.4,0.0,0.951,0.7264,0,6b41ae38-d111e559-110747,1,18.6,OK,scintilla,DynamicABS,scintilla_DynamicABS_60mph_rep4_1788780082-0001_2khz.csv
04:21:33,straight,DynamicABS,DynamicABS3.pc,straight,4,80,0.0,0.0,1.0,1788780106-0002,53.4954,175.51,1.2176,2.91,80.0,53.50,1.218,0.00,0.2,0.1,1.7,0.0,1.150,0.4951,0,6b41ae38-d111e559-110747,1,19.1,OK,scintilla,DynamicABS,scintilla_DynamicABS_80mph_rep4_1788780106-0002_2khz.csv
04:25:48,straight,DynamicABS,DynamicABS3.pc,straight,4,120,0.0,0.0,1.0,1788780363-0003,113.3075,371.74,1.2940,4.23,120.0,113.31,1.294,0.00,0.2,0.1,2.6,0.0,1.849,0.3304,0,6b41ae38-d111e559-110747,1,21.6,OK,scintilla,DynamicABS,scintilla_DynamicABS_120mph_rep4_1788780363-0003_2khz.csv
04:26:16,straight,DynamicABS,DynamicABS3.pc,straight,4,160,0.0,0.0,1.0,1788780392-0004,192.8006,632.55,1.3522,5.53,160.0,192.80,1.352,0.00,0.2,0.1,4.6,0.0,2.699,0.3065,0,6b41ae38-d111e559-110747,1,22.8,OK,scintilla,DynamicABS,scintilla_DynamicABS_160mph_rep4_1788780392-0004_2khz.csv
04:26:44,straight,DynamicABS,DynamicABS3.pc,straight,4,180,0.0,0.0,1.0,1788780422-0005,236.2495,775.10,1.3967,6.07,180.0,236.25,1.397,0.00,0.2,0.1,5.2,100.0,3.344,0.2686,0,6b41ae38-d111e559-110747,1,25.2,OK,scintilla,DynamicABS,scintilla_DynamicABS_180mph_rep4_1788780422-0005_2khz.csv
04:27:36,straight,StockABS,StockABS3.pc,straight,4,60,0.0,0.0,1.0,1788780469-0001,35.2739,115.73,1.0381,2.38,60.0,35.35,1.036,0.00,0.2,0.0,7.9,100.0,6.013,3.5983,0,,0,18.0,OK,scintilla,StockABS,
04:31:10,straight,StockABS,StockABS3.pc,straight,4,80,0.0,0.0,1.0,1788780683-0002,54.3512,178.32,1.1985,2.94,80.0,54.35,1.198,0.00,0.2,0.1,1.9,0.0,1.177,0.5509,0,,0,18.5,OK,scintilla,StockABS,
04:31:34,straight,StockABS,StockABS3.pc,straight,4,120,0.0,0.0,1.0,1788780708-0003,116.5177,382.28,1.2584,4.33,120.0,116.52,1.258,0.00,0.2,0.1,2.8,0.0,1.938,0.3384,0,,0,19.8,OK,scintilla,StockABS,
04:31:59,straight,StockABS,StockABS3.pc,straight,4,160,0.0,0.0,1.0,1788780735-0004,197.5780,648.22,1.3195,5.60,160.0,197.58,1.320,0.00,0.2,0.1,4.0,0.0,3.033,0.2539,0,,0,22.7,OK,scintilla,StockABS,
04:32:27,straight,StockABS,StockABS3.pc,straight,4,180,0.0,0.0,1.0,1788780765-0005,243.9673,800.42,1.3525,6.21,180.0,243.97,1.353,0.00,0.2,0.1,5.8,100.0,3.564,0.2774,0,,0,23.6,OK,scintilla,StockABS,
04:33:18,straight,StockABS_TC_ESC,StockABSESCTC3.pc,straight,4,60,0.0,0.0,1.0,1788780811-0001,31.3984,103.01,1.1662,2.23,60.0,31.40,1.166,0.00,0.2,0.1,1.4,0.0,0.874,0.7047,0,,0,17.8,OK,scintilla,StockABS_TC_ESC,
04:33:41,straight,StockABS_TC_ESC,StockABSESCTC3.pc,straight,4,80,0.0,0.0,1.0,1788780834-0002,53.4986,175.52,1.2176,2.91,80.0,53.50,1.218,0.00,0.2,0.1,1.7,0.0,1.218,0.4898,0,,0,18.5,OK,scintilla,StockABS_TC_ESC,
04:34:05,straight,StockABS_TC_ESC,StockABSESCTC3.pc,straight,4,120,0.0,0.0,1.0,1788780859-0003,115.1044,377.64,1.2738,4.29,120.0,115.10,1.274,0.00,0.2,0.1,2.7,0.0,1.950,0.3233,0,,0,19.5,OK,scintilla,StockABS_TC_ESC,
04:34:30,straight,StockABS_TC_ESC,StockABSESCTC3.pc,straight,4,160,0.0,0.0,1.0,1788780886-0004,197.3881,647.60,1.3208,5.60,160.0,197.39,1.321,0.00,0.2,0.1,5.1,100.0,2.714,0.3241,0,,0,21.4,OK,scintilla,StockABS_TC_ESC,
04:34:57,straight,StockABS_TC_ESC,StockABSESCTC3.pc,straight,4,180,0.0,0.0,1.0,1788780914-0005,244.5209,802.23,1.3494,6.21,180.0,244.52,1.349,0.00,0.2,0.1,5.3,100.0,3.644,0.2547,0,,0,22.9,OK,scintilla,StockABS_TC_ESC,
04:35:47,straight,DynamicABS,DynamicABS3.pc,straight,5,60,0.0,0.0,1.0,1788780960-0001,30.7033,100.73,1.1926,2.20,60.0,30.70,1.193,0.00,0.2,0.1,1.2,0.0,0.886,0.6428,0,6b41ae38-d111e559-110747,1,18.6,OK,scintilla,DynamicABS,scintilla_DynamicABS_60mph_rep5_1788780960-0001_2khz.csv
04:36:11,straight,DynamicABS,DynamicABS3.pc,straight,5,80,0.0,0.0,1.0,1788780985-0002,53.2120,174.58,1.2241,2.90,80.0,53.21,1.224,0.00,0.2,0.1,1.6,0.0,1.175,0.4881,0,6b41ae38-d111e559-110747,1,19.1,OK,scintilla,DynamicABS,scintilla_DynamicABS_80mph_rep5_1788780985-0002_2khz.csv
04:36:36,straight,DynamicABS,DynamicABS3.pc,straight,5,120,0.0,0.0,1.0,1788781010-0003,113.7258,373.12,1.2893,4.26,120.0,113.73,1.289,0.00,0.2,0.1,2.9,0.0,1.864,0.3679,0,6b41ae38-d111e559-110747,1,21.5,OK,scintilla,DynamicABS,scintilla_DynamicABS_120mph_rep5_1788781010-0003_2khz.csv
04:37:03,straight,DynamicABS,DynamicABS3.pc,straight,5,160,0.0,0.0,1.0,1788781039-0004,191.2503,627.46,1.3632,5.50,160.0,191.25,1.363,0.00,0.2,0.1,4.4,0.0,2.749,0.2942,0,6b41ae38-d111e559-110747,1,22.8,OK,scintilla,DynamicABS,scintilla_DynamicABS_160mph_rep5_1788781039-0004_2khz.csv
04:37:31,straight,DynamicABS,DynamicABS3.pc,straight,5,180,0.0,0.0,1.0,1788781070-0005,236.3047,775.28,1.3964,6.07,180.0,236.30,1.396,0.00,0.2,0.1,5.7,100.0,3.311,0.2936,0,6b41ae38-d111e559-110747,1,25.2,OK,scintilla,DynamicABS,scintilla_DynamicABS_180mph_rep5_1788781070-0005_2khz.csv
04:38:23,straight,StockABS,StockABS3.pc,straight,5,60,0.0,0.0,1.0,1788781116-0001,31.8032,104.34,1.1514,2.24,60.0,31.80,1.151,0.00,0.2,0.1,1.3,0.0,0.804,0.6550,0,,0,17.8,OK,scintilla,StockABS,
04:38:47,straight,StockABS,StockABS3.pc,straight,5,80,0.0,0.0,1.0,1788781140-0002,54.4836,178.75,1.1956,2.95,80.0,54.48,1.196,0.00,0.2,0.1,1.6,0.0,1.166,0.4627,0,,0,18.5,OK,scintilla,StockABS,
04:39:11,straight,StockABS,StockABS3.pc,straight,5,120,0.0,0.0,1.0,1788781186-0003,115.7913,379.89,1.2663,4.30,120.0,115.79,1.266,0.00,0.2,0.1,2.7,0.0,1.941,0.3329,0,,0,40.8,OK,scintilla,StockABS,
04:44:28,straight,StockABS,StockABS3.pc,straight,5,160,0.0,0.0,1.0,1788781484-0004,197.3269,647.40,1.3212,5.59,160.0,197.33,1.321,0.00,0.2,0.1,4.2,0.0,2.891,0.2669,0,,0,21.7,OK,scintilla,StockABS,
04:44:55,straight,StockABS,StockABS3.pc,straight,5,180,0.0,0.0,1.0,1788781513-0005,242.8754,796.84,1.3586,6.20,180.0,242.88,1.359,0.00,0.2,0.1,5.2,100.0,3.587,0.2511,0,,0,23.6,OK,scintilla,StockABS,
04:45:45,straight,StockABS_TC_ESC,StockABSESCTC3.pc,straight,5,60,0.0,0.0,1.0,1788781558-0001,31.4819,103.29,1.1631,2.23,60.0,31.48,1.163,0.00,0.2,0.1,1.3,0.0,0.898,0.6562,0,,0,17.7,OK,scintilla,StockABS_TC_ESC,
04:46:08,straight,StockABS_TC_ESC,StockABSESCTC3.pc,straight,5,80,0.0,0.0,1.0,1788781581-0002,54.1926,177.80,1.2020,2.94,80.0,54.19,1.202,0.00,0.2,0.1,1.7,0.0,1.218,0.4727,0,,0,18.2,OK,scintilla,StockABS_TC_ESC,
04:46:32,straight,StockABS_TC_ESC,StockABSESCTC3.pc,straight,5,120,0.0,0.0,1.0,1788781606-0003,116.7855,383.15,1.2555,4.30,120.0,116.79,1.255,0.00,0.2,0.1,2.9,0.0,1.895,0.3594,0,,0,19.5,OK,scintilla,StockABS_TC_ESC,
04:46:57,straight,StockABS_TC_ESC,StockABSESCTC3.pc,straight,5,160,0.0,0.0,1.0,1788781633-0004,196.7384,645.47,1.3251,5.60,160.0,196.74,1.325,0.00,0.2,0.1,3.4,0.0,3.136,0.2198,0,,0,21.5,OK,scintilla,StockABS_TC_ESC,
04:47:24,straight,StockABS_TC_ESC,StockABSESCTC3.pc,straight,5,180,0.0,0.0,1.0,1788781661-0005,244.1604,801.05,1.3514,6.21,180.0,244.16,1.351,0.00,0.2,0.1,6.2,100.0,3.469,0.3010,0,,0,24.1,OK,scintilla,StockABS_TC_ESC,
04:48:15,straight,DynamicABS,DynamicABS3.pc,straight,6,60,0.0,0.0,1.0,1788781708-0001,30.4860,100.02,1.2011,2.19,60.0,30.49,1.201,0.00,0.2,0.1,1.1,0.0,0.900,0.5280,0,6b41ae38-d111e559-110747,1,18.5,OK,scintilla,DynamicABS,scintilla_DynamicABS_60mph_rep6_1788781708-0001_2khz.csv
04:48:39,straight,DynamicABS,DynamicABS3.pc,straight,6,80,0.0,0.0,1.0,1788781733-0002,53.1346,174.33,1.2259,2.90,80.0,53.13,1.226,0.00,0.2,0.1,1.7,0.0,1.110,0.4777,0,6b41ae38-d111e559-110747,1,19.3,OK,scintilla,DynamicABS,scintilla_DynamicABS_80mph_rep6_1788781733-0002_2khz.csv
04:49:04,straight,DynamicABS,DynamicABS3.pc,straight,6,120,0.0,0.0,1.0,1788781759-0003,114.2654,374.89,1.2832,4.26,120.0,114.27,1.283,0.00,0.2,0.1,2.7,0.0,1.874,0.3412,0,6b41ae38-d111e559-110747,1,21.6,OK,scintilla,DynamicABS,scintilla_DynamicABS_120mph_rep6_1788781759-0003_2khz.csv
04:49:31,straight,DynamicABS,DynamicABS3.pc,straight,6,160,0.0,0.0,1.0,1788781788-0004,190.7387,625.78,1.3668,5.50,160.0,190.74,1.367,0.00,0.2,0.1,4.3,0.0,2.786,0.2859,0,6b41ae38-d111e559-110747,1,23.8,OK,scintilla,DynamicABS,scintilla_DynamicABS_160mph_rep6_1788781788-0004_2khz.csv
04:54:52,straight,DynamicABS,DynamicABS3.pc,straight,6,180,0.0,0.0,1.0,1788782110-0005,235.6955,773.28,1.4000,6.06,180.0,235.70,1.400,0.00,0.2,0.1,5.5,100.0,3.347,0.2783,0,6b41ae38-d111e559-110747,1,25.0,OK,scintilla,DynamicABS,scintilla_DynamicABS_180mph_rep6_1788782110-0005_2khz.csv
04:55:44,straight,StockABS,StockABS3.pc,straight,6,60,0.0,0.0,1.0,1788782157-0001,31.2737,102.60,1.1709,2.22,60.0,31.27,1.171,0.00,0.2,0.1,1.1,0.0,0.823,0.5480,0,,0,19.1,OK,scintilla,StockABS,
05:02:30,straight,StockABS,StockABS3.pc,straight,6,80,0.0,0.0,1.0,1788782563-0002,53.1335,174.32,1.2259,2.90,80.0,53.13,1.226,0.00,0.2,0.1,1.5,0.0,1.130,0.4434,0,,0,18.3,OK,scintilla,StockABS,
05:02:53,straight,StockABS,StockABS3.pc,straight,6,120,0.0,0.0,1.0,1788782588-0003,117.2428,384.65,1.2506,4.33,120.0,117.24,1.251,0.00,0.2,0.1,2.6,0.0,1.896,0.3172,0,,0,19.7,OK,scintilla,StockABS,
05:03:19,straight,StockABS,StockABS3.pc,straight,6,160,0.0,0.0,1.0,1788782615-0004,196.7926,645.65,1.3248,5.61,160.0,196.79,1.325,0.00,0.2,0.1,4.6,0.0,2.791,0.2887,0,,0,22.6,OK,scintilla,StockABS,
05:03:47,straight,StockABS,StockABS3.pc,straight,6,180,0.0,0.0,1.0,1788782644-0005,243.1849,797.85,1.3569,6.21,180.0,243.18,1.357,0.00,0.2,0.1,5.2,100.0,3.584,0.2501,0,,0,23.8,OK,scintilla,StockABS,
05:04:37,straight,StockABS_TC_ESC,StockABSESCTC3.pc,straight,6,60,0.0,0.0,1.0,1788782690-0001,31.4197,103.08,1.1655,2.22,60.0,31.42,1.165,0.00,0.2,0.1,1.3,0.0,0.840,0.6754,0,,0,17.6,OK,scintilla,StockABS_TC_ESC,
05:05:00,straight,StockABS_TC_ESC,StockABSESCTC3.pc,straight,6,80,0.0,0.0,1.0,1788782713-0002,53.9147,176.89,1.2082,2.93,80.0,53.91,1.208,0.00,0.2,0.1,1.7,0.0,1.158,0.4942,0,,0,18.1,OK,scintilla,StockABS_TC_ESC,
05:05:24,straight,StockABS_TC_ESC,StockABSESCTC3.pc,straight,6,120,0.0,0.0,1.0,1788782738-0003,116.3773,381.82,1.2599,4.32,120.0,116.38,1.260,0.00,0.2,0.1,2.9,0.0,1.997,0.3526,0,,0,19.4,OK,scintilla,StockABS_TC_ESC,
05:05:49,straight,StockABS_TC_ESC,StockABSESCTC3.pc,straight,6,160,0.0,0.0,1.0,1788782764-0004,195.6810,642.00,1.3323,5.59,160.0,195.68,1.332,0.00,0.2,0.1,3.5,0.0,3.005,0.2254,0,,0,21.6,OK,scintilla,StockABS_TC_ESC,
05:06:16,straight,StockABS_TC_ESC,StockABSESCTC3.pc,straight,6,180,0.0,0.0,1.0,1788782793-0005,243.1680,797.80,1.3570,6.20,180.0,243.17,1.357,0.00,0.2,0.1,6.6,100.0,3.355,0.3205,0,,0,23.9,OK,scintilla,StockABS_TC_ESC,
05:07:06,straight,DynamicABS,DynamicABS3.pc,straight,7,60,0.0,0.0,1.0,1788782839-0001,30.9330,101.49,1.1838,2.20,60.0,30.93,1.184,0.00,0.2,0.1,1.2,0.0,0.876,0.5997,0,6b41ae38-d111e559-110747,1,18.7,OK,scintilla,DynamicABS,scintilla_DynamicABS_60mph_rep7_1788782839-0001_2khz.csv
05:07:30,straight,DynamicABS,DynamicABS3.pc,straight,7,80,0.0,0.0,1.0,1788782864-0002,52.8648,173.44,1.2322,2.90,80.0,52.87,1.232,0.00,0.2,0.1,1.7,0.0,1.122,0.4978,0,6b41ae38-d111e559-110747,1,19.1,OK,scintilla,DynamicABS,scintilla_DynamicABS_80mph_rep7_1788782864-0002_2khz.csv
05:07:55,straight,DynamicABS,DynamicABS3.pc,straight,7,120,0.0,0.0,1.0,1788782890-0003,113.2839,371.67,1.2943,4.24,120.0,113.28,1.294,0.00,0.2,0.1,2.7,0.0,1.857,0.3342,0,6b41ae38-d111e559-110747,1,21.5,OK,scintilla,DynamicABS,scintilla_DynamicABS_120mph_rep7_1788782890-0003_2khz.csv
05:08:22,straight,DynamicABS,DynamicABS3.pc,straight,7,160,0.0,0.0,1.0,1788782919-0004,192.1717,630.48,1.3566,5.52,160.0,192.17,1.357,0.00,0.2,0.1,4.8,0.0,2.656,0.3215,0,6b41ae38-d111e559-110747,1,22.9,OK,scintilla,DynamicABS,scintilla_DynamicABS_160mph_rep7_1788782919-0004_2khz.csv
05:08:51,straight,DynamicABS,DynamicABS3.pc,straight,7,180,0.0,0.0,1.0,1788782949-0005,236.3963,775.58,1.3958,6.07,180.0,236.40,1.396,0.00,0.2,0.1,5.4,100.0,3.332,0.2755,0,6b41ae38-d111e559-110747,1,25.1,OK,scintilla,DynamicABS,scintilla_DynamicABS_180mph_rep7_1788782949-0005_2khz.csv
05:09:43,straight,StockABS,StockABS3.pc,straight,7,60,0.0,0.0,1.0,1788782996-0001,46.6304,152.99,0.7853,3.32,60.0,50.38,0.727,0.00,0.2,0.0,121.8,0.0,37.517,38.3877,0,,0,18.4,OK,scintilla,StockABS,
05:10:07,straight,StockABS,StockABS3.pc,straight,7,80,0.0,0.0,1.0,1788783020-0002,54.6503,179.30,1.1919,2.95,80.0,54.65,1.192,0.00,0.2,0.1,1.5,0.0,1.193,0.4397,0,,0,18.2,OK,scintilla,StockABS,
05:10:31,straight,StockABS,StockABS3.pc,straight,7,120,0.0,0.0,1.0,1788783046-0003,116.5334,382.33,1.2582,4.33,120.0,116.53,1.258,0.00,0.2,0.1,2.9,0.0,1.877,0.3538,0,,0,21.1,OK,scintilla,StockABS,
05:15:30,straight,StockABS,StockABS3.pc,straight,7,160,0.0,0.0,1.0,1788783347-0004,195.2173,640.48,1.3355,5.57,160.0,195.22,1.335,0.00,0.2,0.1,5.4,100.0,2.721,0.3432,0,,0,23.2,OK,scintilla,StockABS,
05:20:50,straight,StockABS,StockABS3.pc,straight,7,180,0.0,0.0,1.0,1788783667-0005,243.2768,798.15,1.3563,6.18,180.0,243.28,1.356,0.00,0.2,0.1,5.3,100.0,3.630,0.2554,0,,0,23.8,OK,scintilla,StockABS,
05:21:40,straight,StockABS_TC_ESC,StockABSESCTC3.pc,straight,7,60,0.0,0.0,1.0,1788783713-0001,31.3391,102.82,1.1684,2.22,60.0,31.34,1.168,0.00,0.2,0.1,1.3,0.0,0.872,0.6673,0,,0,17.8,OK,scintilla,StockABS_TC_ESC,
05:22:03,straight,StockABS_TC_ESC,StockABSESCTC3.pc,straight,7,80,0.0,0.0,1.0,1788783736-0002,53.2092,174.57,1.2242,2.91,80.0,53.21,1.224,0.00,0.2,0.1,1.8,0.0,1.226,0.5145,0,,0,18.3,OK,scintilla,StockABS_TC_ESC,
05:22:27,straight,StockABS_TC_ESC,StockABSESCTC3.pc,straight,7,120,0.0,0.0,1.0,1788783761-0003,115.2348,378.07,1.2724,4.30,120.0,115.23,1.272,0.00,0.2,0.1,2.8,0.0,1.919,0.3379,0,,0,19.6,OK,scintilla,StockABS_TC_ESC,
05:22:52,straight,StockABS_TC_ESC,StockABSESCTC3.pc,straight,7,160,0.0,0.0,1.0,1788783788-0004,196.5288,644.78,1.3265,5.59,160.0,196.53,1.327,0.00,0.2,0.1,4.4,0.0,2.871,0.2789,0,,0,21.6,OK,scintilla,StockABS_TC_ESC,
05:23:19,straight,StockABS_TC_ESC,StockABSESCTC3.pc,straight,7,180,0.0,0.0,1.0,1788783817-0005,243.2470,798.05,1.3565,6.20,180.0,243.25,1.357,0.00,0.2,0.1,5.5,100.0,3.536,0.2662,0,,0,23.0,OK,scintilla,StockABS_TC_ESC,
05:24:09,straight,DynamicABS,DynamicABS3.pc,straight,8,60,0.0,0.0,1.0,1788783862-0001,31.3143,102.74,1.1694,2.22,60.0,31.31,1.169,0.00,0.2,0.1,1.4,0.0,0.895,0.6602,0,6b41ae38-d111e559-110747,1,18.6,OK,scintilla,DynamicABS,scintilla_DynamicABS_60mph_rep8_1788783862-0001_2khz.csv
05:24:33,straight,DynamicABS,DynamicABS3.pc,straight,8,80,0.0,0.0,1.0,1788783887-0002,53.4663,175.41,1.2183,2.91,80.0,53.47,1.218,0.00,0.2,0.1,1.6,0.0,1.135,0.4748,0,6b41ae38-d111e559-110747,1,19.2,OK,scintilla,DynamicABS,scintilla_DynamicABS_80mph_rep8_1788783887-0002_2khz.csv
05:28:49,straight,DynamicABS,DynamicABS3.pc,straight,8,120,0.0,0.0,1.0,1788784144-0003,113.5238,372.45,1.2916,4.23,120.0,113.52,1.292,0.00,0.2,0.1,2.7,0.0,1.851,0.3359,0,6b41ae38-d111e559-110747,1,21.7,OK,scintilla,DynamicABS,scintilla_DynamicABS_120mph_rep8_1788784144-0003_2khz.csv
05:29:17,straight,DynamicABS,DynamicABS3.pc,straight,8,160,0.0,0.0,1.0,1788784173-0004,191.1813,627.24,1.3637,5.51,160.0,191.18,1.364,0.00,0.2,0.1,4.9,0.0,2.636,0.3268,0,6b41ae38-d111e559-110747,1,22.9,OK,scintilla,DynamicABS,scintilla_DynamicABS_160mph_rep8_1788784173-0004_2khz.csv
05:29:45,straight,DynamicABS,DynamicABS3.pc,straight,8,180,0.0,0.0,1.0,1788784203-0005,235.6934,773.27,1.4000,6.07,180.0,235.69,1.400,0.00,0.2,0.1,5.5,100.0,3.304,0.2841,0,6b41ae38-d111e559-110747,1,25.0,OK,scintilla,DynamicABS,scintilla_DynamicABS_180mph_rep8_1788784203-0005_2khz.csv
05:30:37,straight,StockABS,StockABS3.pc,straight,8,60,0.0,0.0,1.0,1788784250-0001,31.6308,103.78,1.1577,2.23,60.0,31.63,1.158,0.00,0.2,0.1,1.2,0.0,0.866,0.6036,0,,0,17.8,OK,scintilla,StockABS,
05:31:00,straight,StockABS,StockABS3.pc,straight,8,80,0.0,0.0,1.0,1788784273-0002,53.6717,176.09,1.2136,2.91,80.0,53.67,1.214,0.00,0.2,0.1,1.7,0.0,1.191,0.4949,0,,0,18.2,OK,scintilla,StockABS,
05:31:24,straight,StockABS,StockABS3.pc,straight,8,120,0.0,0.0,1.0,1788784298-0003,116.6703,382.78,1.2567,4.29,120.0,116.67,1.257,0.00,0.2,0.1,3.0,0.0,1.975,0.3604,0,,0,20.5,OK,scintilla,StockABS,
05:31:50,straight,StockABS,StockABS3.pc,straight,8,160,0.0,0.0,1.0,1788784367-0004,197.1674,646.87,1.3223,5.58,160.0,197.17,1.322,0.00,0.2,0.1,4.6,0.0,2.884,0.2900,0,,0,63.4,OK,scintilla,StockABS,
05:32:59,straight,StockABS,StockABS3.pc,straight,8,180,0.0,0.0,1.0,1788784396-0005,242.9431,797.06,1.3582,6.21,180.0,242.94,1.358,0.00,0.2,0.1,6.8,100.0,3.381,0.3291,0,,0,23.8,OK,scintilla,StockABS,
05:33:49,straight,StockABS_TC_ESC,StockABSESCTC3.pc,straight,8,60,0.0,0.0,1.0,1788784442-0001,31.1445,102.18,1.1757,2.22,60.0,31.14,1.176,0.00,0.2,0.1,1.3,0.0,0.819,0.6698,0,,0,17.7,OK,scintilla,StockABS_TC_ESC,
05:34:12,straight,StockABS_TC_ESC,StockABSESCTC3.pc,straight,8,80,0.0,0.0,1.0,1788784465-0002,54.3718,178.39,1.1980,2.94,80.0,54.37,1.198,0.00,0.2,0.1,1.9,0.0,1.284,0.5288,0,,0,18.3,OK,scintilla,StockABS_TC_ESC,
05:34:36,straight,StockABS_TC_ESC,StockABSESCTC3.pc,straight,8,120,0.0,0.0,1.0,1788784490-0003,116.6151,382.60,1.2573,4.33,120.0,116.62,1.257,0.00,0.2,0.1,3.0,0.0,1.903,0.3659,0,,0,19.5,OK,scintilla,StockABS_TC_ESC,
05:35:01,straight,StockABS_TC_ESC,StockABSESCTC3.pc,straight,8,160,0.0,0.0,1.0,1788784517-0004,197.4840,647.91,1.3201,5.60,160.0,197.48,1.320,0.00,0.2,0.1,4.3,0.0,2.967,0.2699,0,,0,21.7,OK,scintilla,StockABS_TC_ESC,
05:35:28,straight,StockABS_TC_ESC,StockABSESCTC3.pc,straight,8,180,0.0,0.0,1.0,1788784545-0005,244.0129,800.57,1.3523,6.22,180.0,244.01,1.352,0.00,0.2,0.1,5.5,100.0,3.601,0.2633,0,,0,24.1,OK,scintilla,StockABS_TC_ESC,
05:36:19,straight,DynamicABS,DynamicABS3.pc,straight,9,60,0.0,0.0,1.0,1788784592-0001,30.7905,101.02,1.1893,2.20,60.0,30.79,1.189,0.00,0.2,0.1,1.3,0.0,0.887,0.6777,0,6b41ae38-d111e559-110747,1,18.5,OK,scintilla,DynamicABS,scintilla_DynamicABS_60mph_rep9_1788784592-0001_2khz.csv
05:36:43,straight,DynamicABS,DynamicABS3.pc,straight,9,80,0.0,0.0,1.0,1788784617-0002,53.5015,175.53,1.2175,2.91,80.0,53.50,1.217,0.00,0.2,0.1,1.7,0.0,1.107,0.5114,0,6b41ae38-d111e559-110747,1,19.2,OK,scintilla,DynamicABS,scintilla_DynamicABS_80mph_rep9_1788784617-0002_2khz.csv
05:37:08,straight,DynamicABS,DynamicABS3.pc,straight,9,120,0.0,0.0,1.0,1788784642-0003,114.9785,377.23,1.2752,4.26,120.0,114.98,1.275,0.00,0.2,0.1,2.4,0.0,1.855,0.3008,0,6b41ae38-d111e559-110747,1,21.6,OK,scintilla,DynamicABS,scintilla_DynamicABS_120mph_rep9_1788784642-0003_2khz.csv
05:37:35,straight,DynamicABS,DynamicABS3.pc,straight,9,160,0.0,0.0,1.0,1788784671-0004,190.7078,625.68,1.3670,5.50,160.0,190.71,1.367,0.00,0.2,0.1,4.9,0.0,2.656,0.3300,0,6b41ae38-d111e559-110747,1,22.8,OK,scintilla,DynamicABS,scintilla_DynamicABS_160mph_rep9_1788784671-0004_2khz.csv
05:38:03,straight,DynamicABS,DynamicABS3.pc,straight,9,180,0.0,0.0,1.0,1788784702-0005,235.9892,774.24,1.3982,6.07,180.0,235.99,1.398,0.00,0.2,0.1,5.5,100.0,3.305,0.2809,0,6b41ae38-d111e559-110747,1,25.0,OK,scintilla,DynamicABS,scintilla_DynamicABS_180mph_rep9_1788784702-0005_2khz.csv
05:38:55,straight,StockABS,StockABS3.pc,straight,9,60,0.0,0.0,1.0,1788784748-0001,31.7062,104.02,1.1549,2.24,60.0,31.71,1.155,0.00,0.2,0.1,1.4,0.0,0.862,0.7182,0,,0,17.9,OK,scintilla,StockABS,
05:39:18,straight,StockABS,StockABS3.pc,straight,9,80,0.0,0.0,1.0,1788784772-0002,53.8176,176.57,1.2104,2.92,80.0,53.82,1.210,0.00,0.2,0.1,1.6,0.0,1.113,0.4649,0,,0,18.4,OK,scintilla,StockABS,
05:43:33,straight,StockABS,StockABS3.pc,straight,9,120,0.0,0.0,1.0,1788785027-0003,116.5007,382.22,1.2586,4.30,120.0,116.50,1.259,0.00,0.2,0.1,2.8,0.0,1.965,0.3435,0,,0,20.6,OK,scintilla,StockABS,
05:43:59,straight,StockABS,StockABS3.pc,straight,9,160,0.0,0.0,1.0,1788785055-0004,197.6954,648.61,1.3187,5.61,160.0,197.70,1.319,0.00,0.2,0.1,3.5,0.0,3.202,0.2207,0,,0,21.7,OK,scintilla,StockABS,
05:49:17,straight,StockABS,StockABS3.pc,straight,9,180,0.0,0.0,1.0,1788785374-0005,244.0239,800.60,1.3522,6.22,180.0,244.02,1.352,0.00,0.2,0.1,5.3,100.0,3.653,0.2571,0,,0,23.8,OK,scintilla,StockABS,
05:50:07,straight,StockABS_TC_ESC,StockABSESCTC3.pc,straight,9,60,0.0,0.0,1.0,1788785420-0001,31.0917,102.01,1.1777,2.21,60.0,31.09,1.178,0.00,0.2,0.1,1.2,0.0,0.919,0.5581,0,,0,17.8,OK,scintilla,StockABS_TC_ESC,
05:50:30,straight,StockABS_TC_ESC,StockABSESCTC3.pc,straight,9,80,0.0,0.0,1.0,1788785443-0002,53.4604,175.40,1.2184,2.91,80.0,53.46,1.218,0.00,0.2,0.1,1.4,0.0,1.225,0.4128,0,,0,18.1,OK,scintilla,StockABS_TC_ESC,
05:50:54,straight,StockABS_TC_ESC,StockABSESCTC3.pc,straight,9,120,0.0,0.0,1.0,1788785468-0003,115.0592,377.49,1.2743,4.27,120.0,115.06,1.274,0.00,0.2,0.1,2.8,0.0,2.000,0.3452,0,,0,19.6,OK,scintilla,StockABS_TC_ESC,
05:51:19,straight,StockABS_TC_ESC,StockABSESCTC3.pc,straight,9,160,0.0,0.0,1.0,1788785495-0004,197.0655,646.54,1.3229,5.61,160.0,197.07,1.323,0.00,0.2,0.1,4.9,0.0,2.757,0.3108,0,,0,21.7,OK,scintilla,StockABS_TC_ESC,
05:51:46,straight,StockABS_TC_ESC,StockABSESCTC3.pc,straight,9,180,0.0,0.0,1.0,1788785524-0005,243.9633,800.40,1.3525,6.22,180.0,243.96,1.353,0.00,0.2,0.1,4.8,0.0,3.657,0.2299,0,,0,24.2,OK,scintilla,StockABS_TC_ESC,
05:52:37,straight,DynamicABS,DynamicABS3.pc,straight,10,60,0.0,0.0,1.0,1788785570-0001,31.6422,103.81,1.1572,2.24,60.0,31.64,1.157,0.00,0.2,0.1,1.3,0.0,0.869,0.6266,0,6b41ae38-d111e559-110747,1,18.6,OK,scintilla,DynamicABS,scintilla_DynamicABS_60mph_rep10_1788785570-0001_2khz.csv
05:53:01,straight,DynamicABS,DynamicABS3.pc,straight,10,80,0.0,0.0,1.0,1788785595-0002,53.4769,175.45,1.2181,2.91,80.0,53.48,1.218,0.00,0.2,0.1,1.8,0.0,1.133,0.5294,0,6b41ae38-d111e559-110747,1,19.2,OK,scintilla,DynamicABS,scintilla_DynamicABS_80mph_rep10_1788785595-0002_2khz.csv
05:53:26,straight,DynamicABS,DynamicABS3.pc,straight,10,120,0.0,0.0,1.0,1788785621-0003,112.9447,370.55,1.2982,4.22,120.0,112.94,1.298,0.00,0.2,0.1,2.6,0.0,1.840,0.3353,0,6b41ae38-d111e559-110747,1,21.6,OK,scintilla,DynamicABS,scintilla_DynamicABS_120mph_rep10_1788785621-0003_2khz.csv
05:53:53,straight,DynamicABS,DynamicABS3.pc,straight,10,160,0.0,0.0,1.0,1788785650-0004,192.0234,630.00,1.3577,5.51,160.0,192.02,1.358,0.00,0.2,0.1,4.5,0.0,2.674,0.3050,0,6b41ae38-d111e559-110747,1,23.0,OK,scintilla,DynamicABS,scintilla_DynamicABS_160mph_rep10_1788785650-0004_2khz.csv
05:59:13,straight,DynamicABS,DynamicABS3.pc,straight,10,180,0.0,0.0,1.0,1788785971-0005,235.9756,774.20,1.3983,6.06,180.0,235.98,1.398,0.00,0.2,0.1,5.4,100.0,3.340,0.2738,0,6b41ae38-d111e559-110747,1,25.4,OK,scintilla,DynamicABS,scintilla_DynamicABS_180mph_rep10_1788785971-0005_2khz.csv
06:00:05,straight,StockABS,StockABS3.pc,straight,10,60,0.0,0.0,1.0,1788786018-0001,31.4576,103.21,1.1640,2.22,60.0,31.46,1.164,0.00,0.2,0.1,1.2,0.0,0.834,0.6312,0,,0,17.7,OK,scintilla,StockABS,
06:00:29,straight,StockABS,StockABS3.pc,straight,10,80,0.0,0.0,1.0,1788786042-0002,54.0294,177.26,1.2056,2.93,80.0,54.03,1.206,0.00,0.2,0.1,1.6,0.0,1.176,0.4838,0,,0,18.3,OK,scintilla,StockABS,
06:00:53,straight,StockABS,StockABS3.pc,straight,10,120,0.0,0.0,1.0,1788786067-0003,115.4298,378.71,1.2702,4.31,120.0,115.43,1.270,0.00,0.2,0.1,2.8,0.0,1.875,0.3474,0,,0,19.5,OK,scintilla,StockABS,
06:01:18,straight,StockABS,StockABS3.pc,straight,10,160,0.0,0.0,1.0,1788786094-0004,195.7640,642.27,1.3317,5.59,160.0,195.76,1.332,0.00,0.2,0.1,4.6,0.0,2.844,0.2905,0,,0,22.2,OK,scintilla,StockABS,
06:01:45,straight,StockABS,StockABS3.pc,straight,10,180,0.0,0.0,1.0,1788786123-0005,244.5253,802.25,1.3494,6.22,180.0,244.53,1.349,0.00,0.2,0.1,4.7,0.0,3.722,0.2261,0,,0,23.9,OK,scintilla,StockABS,
06:02:35,straight,StockABS_TC_ESC,StockABSESCTC3.pc,straight,10,60,0.0,0.0,1.0,1788786168-0001,31.1267,102.12,1.1764,2.22,60.0,31.13,1.176,0.00,0.2,0.1,1.2,0.0,0.821,0.6343,0,,0,17.8,OK,scintilla,StockABS_TC_ESC,
06:02:59,straight,StockABS_TC_ESC,StockABSESCTC3.pc,straight,10,80,0.0,0.0,1.0,1788786192-0002,53.5313,175.63,1.2168,2.91,80.0,53.53,1.217,0.00,0.2,0.1,1.5,0.0,1.215,0.4308,0,,0,18.1,OK,scintilla,StockABS_TC_ESC,
06:03:22,straight,StockABS_TC_ESC,StockABSESCTC3.pc,straight,10,120,0.0,0.0,1.0,1788786216-0003,116.3512,381.73,1.2602,4.32,120.0,116.35,1.260,0.00,0.2,0.1,2.7,0.0,1.976,0.3331,0,,0,19.5,OK,scintilla,StockABS_TC_ESC,
06:03:47,straight,StockABS_TC_ESC,StockABSESCTC3.pc,straight,10,160,0.0,0.0,1.0,1788786243-0004,197.6318,648.40,1.3191,5.59,160.0,197.63,1.319,0.00,0.2,0.1,4.3,0.0,2.865,0.2740,0,,0,21.7,OK,scintilla,StockABS_TC_ESC,
06:04:14,straight,StockABS_TC_ESC,StockABSESCTC3.pc,straight,10,180,0.0,0.0,1.0,1788786272-0005,243.5918,799.19,1.3546,6.20,180.0,243.59,1.355,0.00,0.2,0.1,4.3,0.0,3.787,0.2088,0,,0,24.2,OK,scintilla,StockABS_TC_ESC,
06:05:05,straight,DynamicABS,DynamicABS5.pc,straight,1,60,0.0,0.0,1.0,1788786318-0001,41.1025,134.85,0.8909,2.96,60.0,41.10,0.891,0.00,0.2,0.0,2.1,0.0,0.837,1.0460,0,6b41ae38-d111e559-110747,1,18.6,OK,roamer,DynamicABS,roamer_DynamicABS_60mph_rep1_1788786318-0001_2khz.csv
06:05:29,straight,DynamicABS,DynamicABS5.pc,straight,1,80,0.0,0.0,1.0,1788786343-0002,70.4762,231.22,0.9243,3.84,80.0,70.48,0.924,0.00,0.1,0.1,2.1,0.0,0.901,0.6559,0,6b41ae38-d111e559-110747,1,19.8,OK,roamer,DynamicABS,roamer_DynamicABS_80mph_rep1_1788786343-0002_2khz.csv
06:05:54,straight,DynamicABS,DynamicABS5.pc,straight,1,120,0.0,0.0,1.0,1788786370-0003,155.8771,511.41,0.9406,5.76,120.0,155.88,0.941,0.00,0.1,0.1,2.9,0.0,1.751,0.3336,0,6b41ae38-d111e559-110747,1,22.4,OK,roamer,DynamicABS,roamer_DynamicABS_120mph_rep1_1788786370-0003_2khz.csv
06:06:43,straight,StockABS,StockABS5.pc,straight,1,60,0.0,0.0,1.0,1788786415-0001,41.0547,134.69,0.8919,2.93,60.0,41.06,0.892,0.00,0.1,0.0,1.8,0.0,0.669,0.9055,0,,0,17.6,OK,roamer,StockABS,
06:07:06,straight,StockABS,StockABS5.pc,straight,1,80,0.0,0.0,1.0,1788786439-0002,75.6100,248.06,0.8615,4.00,80.0,75.61,0.862,0.00,0.1,0.1,2.1,0.0,0.948,0.5582,0,,0,18.6,OK,roamer,StockABS,
06:07:31,straight,StockABS,StockABS5.pc,straight,1,120,0.0,0.0,1.0,1788786465-0003,165.6571,543.49,0.8851,5.95,120.0,165.66,0.885,0.00,0.2,0.1,2.8,0.0,1.987,0.2806,0,,0,20.9,OK,roamer,StockABS,
06:08:17,straight,DynamicABS,DynamicABS5.pc,straight,2,60,0.0,0.0,1.0,1788786510-0001,40.7331,133.64,0.8990,2.91,60.0,40.73,0.899,0.00,0.1,0.0,1.8,0.0,0.702,0.9990,0,6b41ae38-d111e559-110747,1,18.7,OK,roamer,DynamicABS,roamer_DynamicABS_60mph_rep2_1788786510-0001_2khz.csv
06:08:41,straight,DynamicABS,DynamicABS5.pc,straight,2,80,0.0,0.0,1.0,1788786535-0002,69.4740,227.93,0.9376,3.83,80.0,69.47,0.938,0.00,0.1,0.1,2.1,0.0,0.890,0.6805,0,6b41ae38-d111e559-110747,1,20.1,OK,roamer,DynamicABS,roamer_DynamicABS_80mph_rep2_1788786535-0002_2khz.csv
06:09:07,straight,DynamicABS,DynamicABS5.pc,straight,2,120,0.0,0.0,1.0,1788786562-0003,155.2063,509.21,0.9447,5.72,120.0,155.21,0.945,0.00,0.1,0.1,2.9,0.0,1.720,0.3380,0,6b41ae38-d111e559-110747,1,22.3,OK,roamer,DynamicABS,roamer_DynamicABS_120mph_rep2_1788786562-0003_2khz.csv
06:09:55,straight,StockABS,StockABS5.pc,straight,2,60,0.0,0.0,1.0,1788786608-0001,40.7801,133.79,0.8979,2.92,60.0,40.78,0.898,0.00,0.2,0.0,1.9,0.0,0.764,0.9870,0,,0,17.8,OK,roamer,StockABS,
06:10:19,straight,StockABS,StockABS5.pc,straight,2,80,0.0,0.0,1.0,1788786632-0002,76.7200,251.71,0.8490,4.05,80.0,76.72,0.849,0.00,0.1,0.1,2.3,0.0,1.028,0.5864,0,,0,18.7,OK,roamer,StockABS,
06:10:43,straight,StockABS,StockABS5.pc,straight,2,120,0.0,0.0,1.0,1788786658-0003,167.3152,548.93,0.8763,5.99,120.0,167.32,0.876,0.00,0.1,0.1,2.9,0.0,1.987,0.2891,0,,0,21.0,OK,roamer,StockABS,
06:11:30,straight,DynamicABS,DynamicABS5.pc,straight,3,60,0.0,0.0,1.0,1788786703-0001,42.3930,139.08,0.8638,3.39,60.0,42.40,0.864,0.00,0.1,0.0,2.0,0.0,0.676,1.0876,0,6b41ae38-d111e559-110747,1,18.6,OK,roamer,DynamicABS,roamer_DynamicABS_60mph_rep3_1788786703-0001_2khz.csv
06:11:54,straight,DynamicABS,DynamicABS5.pc,straight,3,80,0.0,0.0,1.0,1788786728-0002,69.6800,228.61,0.9348,3.83,80.0,69.68,0.935,0.00,0.1,0.1,2.2,0.0,0.889,0.6809,0,6b41ae38-d111e559-110747,1,19.7,OK,roamer,DynamicABS,roamer_DynamicABS_80mph_rep3_1788786728-0002_2khz.csv
06:12:19,straight,DynamicABS,DynamicABS5.pc,straight,3,120,0.0,0.0,1.0,1788786755-0003,155.1885,509.15,0.9448,5.76,120.0,155.19,0.945,0.00,0.1,0.1,3.0,0.0,1.714,0.3544,0,6b41ae38-d111e559-110747,1,22.4,OK,roamer,DynamicABS,roamer_DynamicABS_120mph_rep3_1788786755-0003_2khz.csv
06:13:08,straight,StockABS,StockABS5.pc,straight,3,60,0.0,0.0,1.0,1788786800-0001,41.1820,135.11,0.8892,2.95,60.0,41.18,0.889,0.00,0.1,0.0,2.2,0.0,0.822,1.1129,0,,0,17.9,OK,roamer,StockABS,
06:13:31,straight,StockABS,StockABS5.pc,straight,3,80,0.0,0.0,1.0,1788786824-0002,74.6010,244.75,0.8732,3.99,80.0,74.60,0.873,0.00,0.1,0.1,2.3,0.0,0.960,0.6169,0,,0,18.7,OK,roamer,StockABS,
06:13:56,straight,StockABS,StockABS5.pc,straight,3,120,0.0,0.0,1.0,1788786851-0003,165.1437,541.81,0.8879,5.97,120.0,165.14,0.888,0.00,0.2,0.1,3.2,0.0,2.001,0.3183,0,,0,20.9,OK,roamer,StockABS,
06:14:43,straight,DynamicABS,DynamicABS5.pc,straight,4,60,0.0,0.0,1.0,1788786895-0001,40.4773,132.80,0.9047,2.91,60.0,40.48,0.905,0.00,0.2,0.0,2.1,0.0,0.838,1.1282,0,6b41ae38-d111e559-110747,1,18.5,OK,roamer,DynamicABS,roamer_DynamicABS_60mph_rep4_1788786895-0001_2khz.csv
06:15:06,straight,DynamicABS,DynamicABS5.pc,straight,4,80,0.0,0.0,1.0,1788786920-0002,70.3087,230.67,0.9265,3.84,80.0,70.31,0.926,0.00,0.1,0.1,2.0,0.0,0.900,0.6424,0,6b41ae38-d111e559-110747,1,20.0,OK,roamer,DynamicABS,roamer_DynamicABS_80mph_rep4_1788786920-0002_2khz.csv
06:15:32,straight,DynamicABS,DynamicABS5.pc,straight,4,120,0.0,0.0,1.0,1788786948-0003,154.2412,506.04,0.9506,5.70,120.0,154.24,0.951,0.00,0.1,0.1,3.0,0.0,1.737,0.3572,0,6b41ae38-d111e559-110747,1,22.4,OK,roamer,DynamicABS,roamer_DynamicABS_120mph_rep4_1788786948-0003_2khz.csv
06:16:20,straight,StockABS,StockABS5.pc,straight,4,60,0.0,0.0,1.0,1788786992-0001,40.8606,134.06,0.8962,2.93,60.0,40.86,0.896,0.00,0.2,0.1,2.1,0.0,0.895,1.0499,0,,0,17.6,OK,roamer,StockABS,
06:16:43,straight,StockABS,StockABS5.pc,straight,4,80,0.0,0.0,1.0,1788787016-0002,76.2695,250.23,0.8541,4.03,80.0,76.27,0.854,0.00,0.1,0.1,1.9,0.0,0.986,0.5023,0,,0,18.6,OK,roamer,StockABS,
06:17:07,straight,StockABS,StockABS5.pc,straight,4,120,0.0,0.0,1.0,1788787042-0003,165.0978,541.66,0.8881,5.95,120.0,165.10,0.888,0.00,0.1,0.1,2.9,0.0,1.975,0.2991,0,,0,21.0,OK,roamer,StockABS,
06:17:54,straight,DynamicABS,DynamicABS5.pc,straight,5,60,0.0,0.0,1.0,1788787087-0001,41.6354,136.60,0.8795,3.02,60.0,41.64,0.879,0.00,0.1,0.0,1.8,0.0,0.727,0.9572,0,6b41ae38-d111e559-110747,1,18.5,OK,roamer,DynamicABS,roamer_DynamicABS_60mph_rep5_1788787087-0001_2khz.csv
06:18:18,straight,DynamicABS,DynamicABS5.pc,straight,5,80,0.0,0.0,1.0,1788787112-0002,69.5314,228.12,0.9368,3.82,80.0,69.53,0.937,0.00,0.1,0.1,2.5,0.0,1.030,0.7567,0,6b41ae38-d111e559-110747,1,18.9,OK,roamer,DynamicABS,roamer_DynamicABS_80mph_rep5_1788787112-0002_2khz.csv
06:18:42,straight,DynamicABS,DynamicABS5.pc,straight,5,120,0.0,0.0,1.0,1788787138-0003,154.2970,506.22,0.9503,5.73,120.0,154.30,0.950,0.00,0.2,0.1,3.2,0.0,1.743,0.3680,0,6b41ae38-d111e559-110747,1,22.3,OK,roamer,DynamicABS,roamer_DynamicABS_120mph_rep5_1788787138-0003_2khz.csv
06:19:31,straight,StockABS,StockABS5.pc,straight,5,60,0.0,0.0,1.0,1788787184-0001,41.1239,134.92,0.8904,2.94,60.0,41.12,0.890,0.00,0.1,0.1,1.9,0.0,0.760,0.9189,0,,0,17.8,OK,roamer,StockABS,
06:19:55,straight,StockABS,StockABS5.pc,straight,5,80,0.0,0.0,1.0,1788787207-0002,75.3231,247.12,0.8648,4.02,80.0,75.32,0.865,0.00,0.1,0.1,2.8,0.0,1.025,0.7322,0,,0,18.5,OK,roamer,StockABS,
06:20:18,straight,StockABS,StockABS5.pc,straight,5,120,0.0,0.0,1.0,1788787233-0003,165.1034,541.68,0.8881,5.94,120.0,165.10,0.888,0.00,0.2,0.1,2.9,0.0,1.970,0.2930,0,,0,21.0,OK,roamer,StockABS,
06:21:06,straight,DynamicABS,DynamicABS5.pc,straight,6,60,0.0,0.0,1.0,1788787278-0001,40.3919,132.52,0.9066,2.91,60.0,40.39,0.907,0.00,0.1,0.0,1.7,0.0,0.629,0.9504,0,6b41ae38-d111e559-110747,1,18.5,OK,roamer,DynamicABS,roamer_DynamicABS_60mph_rep6_1788787278-0001_2khz.csv
06:21:29,straight,DynamicABS,DynamicABS5.pc,straight,6,80,0.0,0.0,1.0,1788787303-0002,70.6293,231.72,0.9223,3.86,80.0,70.63,0.922,0.00,0.1,0.1,2.0,0.0,0.909,0.6421,0,6b41ae38-d111e559-110747,1,20.0,OK,roamer,DynamicABS,roamer_DynamicABS_80mph_rep6_1788787303-0002_2khz.csv
06:21:55,straight,DynamicABS,DynamicABS5.pc,straight,6,120,0.0,0.0,1.0,1788787330-0003,156.2651,512.68,0.9383,5.78,120.0,156.27,0.938,0.00,0.1,0.1,2.7,0.0,1.703,0.3175,0,6b41ae38-d111e559-110747,1,22.3,OK,roamer,DynamicABS,roamer_DynamicABS_120mph_rep6_1788787330-0003_2khz.csv
06:22:44,straight,StockABS,StockABS5.pc,straight,6,60,0.0,0.0,1.0,1788787376-0001,40.2813,132.16,0.9091,2.91,60.0,40.28,0.909,0.00,0.1,0.0,1.9,0.0,0.756,1.0037,0,,0,17.9,OK,roamer,StockABS,
06:23:07,straight,StockABS,StockABS5.pc,straight,6,80,0.0,0.0,1.0,1788787400-0002,75.9177,249.07,0.8580,4.02,80.0,75.92,0.858,0.00,0.1,0.1,2.2,0.0,1.020,0.5741,0,,0,18.9,OK,roamer,StockABS,
06:23:31,straight,StockABS,StockABS5.pc,straight,6,120,0.0,0.0,1.0,1788787427-0003,165.7805,543.90,0.8844,5.98,120.0,165.78,0.884,0.00,0.1,0.1,2.8,0.0,1.958,0.2775,0,,0,21.3,OK,roamer,StockABS,
06:24:19,straight,DynamicABS,DynamicABS5.pc,straight,7,60,0.0,0.0,1.0,1788787472-0001,40.1669,131.78,0.9117,2.89,60.0,40.17,0.912,0.00,0.1,0.0,1.8,0.0,0.665,1.0545,0,6b41ae38-d111e559-110747,1,18.5,OK,roamer,DynamicABS,roamer_DynamicABS_60mph_rep7_1788787472-0001_2khz.csv
06:24:43,straight,DynamicABS,DynamicABS5.pc,straight,7,80,0.0,0.0,1.0,1788787496-0002,70.3438,230.79,0.9260,3.85,80.0,70.34,0.926,0.00,0.1,0.1,2.2,0.0,0.929,0.6841,0,6b41ae38-d111e559-110747,1,19.8,OK,roamer,DynamicABS,roamer_DynamicABS_80mph_rep7_1788787496-0002_2khz.csv
06:25:08,straight,DynamicABS,DynamicABS5.pc,straight,7,120,0.0,0.0,1.0,1788787523-0003,153.6322,504.04,0.9544,5.70,120.0,153.63,0.954,0.00,0.1,0.1,2.7,0.0,1.681,0.3239,0,6b41ae38-d111e559-110747,1,22.2,OK,roamer,DynamicABS,roamer_DynamicABS_120mph_rep7_1788787523-0003_2khz.csv
06:25:56,straight,StockABS,StockABS5.pc,straight,7,60,0.0,0.0,1.0,1788787569-0001,41.5775,136.41,0.8807,2.97,60.0,41.58,0.881,0.00,0.1,0.0,2.1,0.0,0.743,1.0221,0,,0,17.8,OK,roamer,StockABS,
06:26:20,straight,StockABS,StockABS5.pc,straight,7,80,0.0,0.0,1.0,1788787592-0002,75.0255,246.15,0.8682,4.00,80.0,75.03,0.868,0.00,0.1,0.1,2.2,0.0,0.943,0.5853,0,,0,18.5,OK,roamer,StockABS,
06:26:43,straight,StockABS,StockABS5.pc,straight,7,120,0.0,0.0,1.0,1788787619-0003,165.4699,542.88,0.8861,5.95,120.0,165.47,0.886,0.00,0.1,0.1,2.9,0.0,2.004,0.2927,0,,0,21.4,OK,roamer,StockABS,
06:27:31,straight,DynamicABS,DynamicABS5.pc,straight,8,60,0.0,0.0,1.0,1788787664-0001,40.8750,134.10,0.8959,2.96,60.0,40.88,0.896,0.00,0.1,0.0,1.9,0.0,0.699,1.0206,0,6b41ae38-d111e559-110747,1,18.6,OK,roamer,DynamicABS,roamer_DynamicABS_60mph_rep8_1788787664-0001_2khz.csv
06:27:55,straight,DynamicABS,DynamicABS5.pc,straight,8,80,0.0,0.0,1.0,1788787688-0002,70.9262,232.70,0.9184,3.88,80.0,70.93,0.918,0.00,0.1,0.1,2.1,0.0,0.916,0.6631,0,6b41ae38-d111e559-110747,1,19.8,OK,roamer,DynamicABS,roamer_DynamicABS_80mph_rep8_1788787688-0002_2khz.csv
06:28:20,straight,DynamicABS,DynamicABS5.pc,straight,8,120,0.0,0.0,1.0,1788787716-0003,154.0542,505.43,0.9518,5.70,120.0,154.05,0.952,0.00,0.1,0.1,2.9,0.0,1.696,0.3455,0,6b41ae38-d111e559-110747,1,22.3,OK,roamer,DynamicABS,roamer_DynamicABS_120mph_rep8_1788787716-0003_2khz.csv
06:29:09,straight,StockABS,StockABS5.pc,straight,8,60,0.0,0.0,1.0,1788787761-0001,40.3835,132.49,0.9068,2.90,60.0,40.38,0.907,0.00,0.1,0.0,1.8,0.0,0.786,0.9414,0,,0,17.6,OK,roamer,StockABS,
06:29:32,straight,StockABS,StockABS5.pc,straight,8,80,0.0,0.0,1.0,1788787785-0002,75.6864,248.31,0.8606,4.07,80.0,75.69,0.861,0.00,0.2,0.1,2.4,0.0,0.955,0.6122,0,,0,18.9,OK,roamer,StockABS,
06:29:56,straight,StockABS,StockABS5.pc,straight,8,120,0.0,0.0,1.0,1788787811-0003,166.0527,544.79,0.8830,5.97,120.0,166.05,0.883,0.00,0.1,0.1,2.9,0.0,1.993,0.2894,0,,0,21.2,OK,roamer,StockABS,
06:30:43,straight,DynamicABS,DynamicABS5.pc,straight,9,60,0.0,0.0,1.0,1788787856-0001,53.9199,176.90,0.6791,12.37,60.0,53.92,0.679,0.00,0.2,0.0,6.0,68.0,0.551,2.2160,0,6b41ae38-d111e559-110747,1,23.7,OK,roamer,DynamicABS,roamer_DynamicABS_60mph_rep9_1788787856-0001_2khz.csv
06:31:13,straight,DynamicABS,DynamicABS5.pc,straight,9,80,0.0,0.0,1.0,1788787886-0002,70.6945,231.94,0.9214,3.86,80.0,70.70,0.921,0.00,0.1,0.1,2.0,0.0,0.891,0.6448,0,6b41ae38-d111e559-110747,1,19.9,OK,roamer,DynamicABS,roamer_DynamicABS_80mph_rep9_1788787886-0002_2khz.csv
06:31:38,straight,DynamicABS,DynamicABS5.pc,straight,9,120,0.0,0.0,1.0,1788787913-0003,154.3061,506.25,0.9502,5.72,120.0,154.31,0.950,0.00,0.1,0.1,2.8,0.0,1.681,0.3315,0,6b41ae38-d111e559-110747,1,22.4,OK,roamer,DynamicABS,roamer_DynamicABS_120mph_rep9_1788787913-0003_2khz.csv
06:32:26,straight,StockABS,StockABS5.pc,straight,9,60,0.0,0.0,1.0,1788787959-0001,40.7789,133.79,0.8980,2.94,60.0,40.78,0.898,0.00,0.2,0.1,1.8,0.0,0.683,0.9032,0,,0,18.0,OK,roamer,StockABS,
06:32:50,straight,StockABS,StockABS5.pc,straight,9,80,0.0,0.0,1.0,1788787983-0002,76.8398,252.10,0.8477,4.06,80.0,76.84,0.848,0.00,0.1,0.1,2.6,0.0,0.991,0.6474,0,,0,18.9,OK,roamer,StockABS,
06:33:14,straight,StockABS,StockABS5.pc,straight,9,120,0.0,0.0,1.0,1788788009-0003,165.7086,543.66,0.8848,5.96,120.0,165.71,0.885,0.00,0.1,0.1,2.9,0.0,1.970,0.2958,0,,0,21.0,OK,roamer,StockABS,
06:34:01,straight,DynamicABS,DynamicABS5.pc,straight,10,60,0.0,0.0,1.0,1788788054-0001,41.5529,136.33,0.8812,2.98,60.0,41.55,0.881,0.00,0.1,0.0,1.9,0.0,0.682,1.0000,0,6b41ae38-d111e559-110747,1,18.7,OK,roamer,DynamicABS,roamer_DynamicABS_60mph_rep10_1788788054-0001_2khz.csv
06:34:25,straight,DynamicABS,DynamicABS5.pc,straight,10,80,0.0,0.0,1.0,1788788079-0002,69.7275,228.76,0.9342,3.84,80.0,69.73,0.934,0.00,0.1,0.1,2.0,0.0,0.869,0.6555,0,6b41ae38-d111e559-110747,1,18.9,OK,roamer,DynamicABS,roamer_DynamicABS_80mph_rep10_1788788079-0002_2khz.csv
06:34:50,straight,DynamicABS,DynamicABS5.pc,straight,10,120,0.0,0.0,1.0,1788788105-0003,154.9514,508.37,0.9463,5.72,120.0,154.95,0.946,0.00,0.1,0.1,2.7,0.0,1.726,0.3276,0,6b41ae38-d111e559-110747,1,22.4,OK,roamer,DynamicABS,roamer_DynamicABS_120mph_rep10_1788788105-0003_2khz.csv
06:35:38,straight,StockABS,StockABS5.pc,straight,10,60,0.0,0.0,1.0,1788788151-0001,40.3971,132.54,0.9065,2.91,60.0,40.40,0.906,0.00,0.1,0.0,1.9,0.0,0.780,0.9856,0,,0,17.8,OK,roamer,StockABS,
06:36:01,straight,StockABS,StockABS5.pc,straight,10,80,0.0,0.0,1.0,1788788175-0002,76.4886,250.95,0.8516,4.05,80.0,76.49,0.852,0.00,0.1,0.1,2.1,0.0,0.959,0.5656,0,,0,18.9,OK,roamer,StockABS,
06:36:26,straight,StockABS,StockABS5.pc,straight,10,120,0.0,0.0,1.0,1788788201-0003,165.1446,541.81,0.8879,5.94,120.0,165.15,0.888,0.00,0.1,0.1,2.7,0.0,1.972,0.2787,0,,0,21.4,OK,roamer,StockABS,
